provider,dataset,n_neuron,t_steps,batch_size,graph_synapses,average_fanout,direct_cusparse_primitive,direct_cusparse_algorithm,status,spike_mismatches,spike_mismatch_rate,v_max_abs_diff,psc_max_abs_diff,v_max_normalized_error,psc_max_normalized_error,latency_ms,speedup_vs_dense_eager,speedup_vs_dense_cudagraph,speedup_vs_csr_eager,speedup_vs_csr_cudagraph,speedup_vs_cusparse_direct_eager,speedup_vs_cusparse_direct_cudagraph
torch_dense_eager,mice_column_v1,4166,128,1,726404,174.36485837734037,SpMV,CUSPARSE_SPMV_ALG_DEFAULT,passed,2,3.7506000960153623e-06,0.03868865966796875,5.745887756347656e-05,0.1510343849658966,0.010223514400422573,45.211647033691406,1.0,0.8284789471987845,0.6786555677448173,0.15491937115559432,0.09621308902272889,0.0724315992997615
torch_dense_cudagraph,mice_column_v1,4166,128,1,726404,174.36485837734037,SpMV,CUSPARSE_SPMV_ALG_DEFAULT,passed,2,3.7506000960153623e-06,0.03868865966796875,5.745887756347656e-05,0.1510343849658966,0.010223514400422573,37.4568977355957,1.2070312750627579,1.0,0.8191584952634666,0.18699252609785763,0.11613220752083109,0.08742720565762589
torch_csr_eager,mice_column_v1,4166,128,1,726404,174.36485837734037,SpMV,CUSPARSE_SPMV_ALG_DEFAULT,passed,0,0.0,7.62939453125e-06,4.76837158203125e-07,3.0404999051825143e-05,4.138146687182598e-05,30.683135986328125,1.4735015043389612,1.2207649750105676,1.0,0.2282739264490141,0.1417701314120894,0.10672807052987543
torch_csr_cudagraph,mice_column_v1,4166,128,1,726404,174.36485837734037,SpMV,CUSPARSE_SPMV_ALG_DEFAULT,passed,0,0.0,7.62939453125e-06,4.76837158203125e-07,3.0404999051825143e-05,5.162401794223115e-05,7.004159927368164,6.454970689208667,5.347807320794609,4.380701797861063,1.0,0.6210526695599392,0.46754385045246755
cusparse_direct_eager,mice_column_v1,4166,128,1,726404,174.36485837734037,SpMV,CUSPARSE_SPMV_ALG_DEFAULT,passed,0,0.0,1.52587890625e-05,4.76837158203125e-07,4.563023685477674e-05,5.162401794223115e-05,4.349952220916748,10.393596236825585,8.610875667894508,7.053671955013264,1.6101693930541712,1.0,0.7528247979092598
cusparse_direct_cudagraph,mice_column_v1,4166,128,1,726404,174.36485837734037,SpMV,CUSPARSE_SPMV_ALG_DEFAULT,passed,0,0.0,1.52587890625e-05,4.76837158203125e-07,4.563023685477674e-05,5.162401794223115e-05,3.274751901626587,13.806128950176207,11.438087177532642,9.369606281039992,2.1388368150543435,1.328330313742578,1.0
persistent_plain,mice_column_v1,4166,128,1,726404,174.36485837734037,SpMV,CUSPARSE_SPMV_ALG_DEFAULT,passed,70,0.00013127100336053768,0.13214540481567383,0.00042819976806640625,0.655511200428009,0.03833036869764328,3.362816095352173,13.444579112185018,11.138550748393813,9.124238470470035,2.082825741511342,1.2935444869937787,0.9738123670077286
persistent_binning,mice_column_v1,4166,128,1,726404,174.36485837734037,SpMV,CUSPARSE_SPMV_ALG_DEFAULT,passed,70,0.00013127100336053768,0.13214540481567383,0.00042819976806640625,0.655511200428009,0.03833036869764328,3.6270079612731934,12.465273723253892,10.327216850786057,8.459627415749422,1.9311123664888468,1.19932249042811,0.9028797114845721
persistent_spike_block,mice_column_v1,4166,128,1,726404,174.36485837734037,SpMV,CUSPARSE_SPMV_ALG_DEFAULT,passed,70,0.00013127100336053768,0.13214540481567383,0.00042819976806640625,0.655511200428009,0.03833036869764328,4.702208042144775,9.614982286719375,7.965810402236229,6.525261262649899,1.489547009530744,0.9250871467040926,0.6964285442659623
