dataset,input_rate,layout,timesteps,total_spikes,actual_firing_rate,active_block_tasks,active_blocks_per_step,mean_active_occupancy,median_active_occupancy,p90_active_occupancy,block_compression,sampled_active_tasks,sampled_raw_edges,sampled_unique_destinations,sampled_unique_destinations_mean,sampled_unique_destinations_mean_se,estimated_global_atomic_count,estimated_global_atomic_count_se,weighted_aggregation_ratio,weighted_aggregation_ratio_se,weighted_aggregation_ci95_low,weighted_aggregation_ci95_high,sampled_unique_post_blocks,post_block_reuse,static_potential_aggregation_ratio,realized_to_potential,method,method_family,control_input_rate,local_window,activity_lambda,population_mean_hz,active_neuron_mean_hz,silent_fraction,occupancy_gain,aggregation_gain,static_fanout_change,atomic_reduction_vs_fanout,atomic_reduction_se,atomic_reduction_ci95_low,atomic_reduction_ci95_high
uniform,0.001,fanout_only,256,534,0.001018524169921875,521,2.03515625,1.0249520153550864,1.0,1.0,1.0249520153550864,521,25314,25291,48.54318618042227,0.3366337816295714,25291.0,175.3862002290067,0.0009085881330489487,0.0003344920086969265,0.00025298379600297276,0.0015641924700949246,17888,1.415138640429338,0.30083126461408516,0.0030202583305778117,fanout_only,fanout,0.001,0,0.0,1.018524169921875,4.336668399168399,0.76513671875,0.0,0.0,0.0,0.0,0.009807186074767486,-0.01922208470654427,0.01922208470654427
uniform,0.001,local_fanin_w32,256,534,0.001018524169921875,521,2.03515625,1.0249520153550864,1.0,1.0,1.0249520153550864,521,25314,25291,48.54318618042227,0.3366337816295714,25291.0,175.3862002290067,0.0009085881330489487,0.0003344920086969265,0.00025298379600297276,0.0015641924700949246,17888,1.415138640429338,0.30083126461408516,0.0030202583305778117,local_fanin_w32,local_fanin,0.001,32,0.0,1.018524169921875,4.336668399168399,0.76513671875,0.0,0.0,0.0,0.0,0.009807186074767486,-0.01922208470654427,0.01922208470654427
uniform,0.001,local_fanin_w64,256,534,0.001018524169921875,526,2.0546875,1.015209125475285,1.0,1.0,1.015209125475285,526,25314,25299,48.09695817490494,0.2443350944090438,25299.0,128.52025965915703,0.0005925574780754062,0.000222808753462125,0.00015585232128964116,0.0010292626348611712,17980,1.4078976640711902,0.2956603248833448,0.0020041832745371045,local_fanin_w64,local_fanin,0.001,64,0.0,1.018524169921875,4.336668399168399,0.76513671875,-0.009505703422053369,-0.00031603065497354255,-0.005170939730740343,-0.0003163180578071856,0.008599078142939412,-0.01717051121796843,0.01653787510235406
uniform,0.001,joint_fanin_l0,256,534,0.001018524169921875,527,2.05859375,1.0132827324478177,1.0,1.0,1.0132827324478177,527,25314,25299,48.005692599620495,0.22772226197260967,25299.0,120.00963205956529,0.0005925574780754062,0.00024292970450018073,0.00011641525725505193,0.0010686996988957605,17998,1.406489609956662,0.3216695336883634,0.0018421311812808535,joint_fanin_l0,joint_fanin,0.001,64,0.0,1.018524169921875,4.336668399168399,0.76513671875,-0.011385199240986799,-0.00031603065497354255,0.020838269074278215,-0.0003163180578071856,0.00840460247311635,-0.016789338905115234,0.016156702789500862
uniform,0.001,joint_fanin_l0.5,256,534,0.001018524169921875,524,2.046875,1.0190839694656488,1.0,1.0,1.0190839694656488,524,25314,25298,48.278625954198475,0.2740438947189143,25298.0,143.5990008327111,0.0006320613099470851,0.00021866961033286078,0.00020346887369467796,0.0010606537461994923,17947,1.4104864322728032,0.3215974289510821,0.0019653804820785035,joint_fanin_l0.5,joint_fanin,0.001,64,0.5,1.018524169921875,4.336668399168399,0.76513671875,-0.005725190839694694,-0.0002765268231018636,0.020766164336996962,-0.00027677830058125963,0.008964110517318718,-0.017846434914525946,0.017292878313363427
uniform,0.001,oracle_spike_l0.5,256,534,0.001018524169921875,526,2.0546875,1.015209125475285,1.0,1.0,1.015209125475285,526,25314,25297,48.09315589353612,0.24365521331879597,25297.0,128.1626422056867,0.000671565141818764,0.0002543891805304006,0.0001729623479791788,0.0011701679356583491,17979,1.407975971967295,0.32152532421380087,0.0020886850622447435,oracle_spike_l0.5,oracle_spike,0.001,64,0.5,1.018524169921875,4.336668399168399,0.76513671875,-0.009505703422053369,-0.00023702299123018467,0.02069405959971571,-0.00023723854335533368,0.008590286745834808,-0.017074200565191558,0.01659972347848089
uniform,0.01,fanout_only,256,5048,0.0096282958984375,4383,17.12109375,1.1517225644535707,1.0,2.0,1.1517225644535707,2000,109336,108911,54.4555,0.41837725755568966,238678.4565,1833.7475198665877,0.003887100314626468,0.00029628423411640184,0.0033063832157583205,0.004467817413494616,72288,1.512505533421868,0.30083126461408516,0.012921197933376207,fanout_only,fanout,0.01,0,0.0,9.6282958984375,10.516666666666667,0.08447265625,0.0,0.0,0.0,0.0,0.010865289857291141,-0.021295968120290637,0.021295968120290637
uniform,0.01,local_fanin_w32,256,5048,0.0096282958984375,4383,17.12109375,1.1517225644535707,1.0,2.0,1.1517225644535707,2000,108905,108476,54.238,0.40583682652623143,237725.154,1778.7828106644724,0.003939213075616399,0.00028828915263122656,0.003374166336459195,0.004504259814773603,72162,1.509173803386824,0.30083126461408516,0.013094427138980161,local_fanin_w32,local_fanin,0.01,32,0.0,9.6282958984375,10.516666666666667,0.08447265625,0.0,5.2112760989930784e-05,0.0,0.003994086915003914,0.010681685912519482,-0.01694201747353427,0.0249301913035421
uniform,0.01,local_fanin_w64,256,5048,0.0096282958984375,4385,17.12890625,1.1511972633979475,1.0,2.0,1.1511972633979475,2000,108534,108179,54.0895,0.39924484103936553,237182.45750000002,1750.6886279576179,0.0032708644295796896,0.00026491042287976347,0.0027516400007353533,0.003790088858424026,72239,1.5024294356234167,0.2956603248833448,0.011062912925061,local_fanin_w64,local_fanin,0.01,64,0.0,9.6282958984375,10.516666666666667,0.08447265625,-0.00045610034207532735,-0.0006162358850467786,-0.005170939730740343,0.0062678426110903684,0.010587292451706037,-0.014483250594253465,0.027018935816434202
uniform,0.01,joint_fanin_l0,256,5048,0.0096282958984375,4385,17.12890625,1.1511972633979475,1.0,2.0,1.1511972633979475,2000,108939,108483,54.2415,0.4131209548505962,237848.9775,1811.5353870198644,0.004185828766557487,0.0003279341470994105,0.0035430778382426423,0.004828579694872331,72206,1.5087250367005511,0.3216695336883634,0.013012823187081059,joint_fanin_l0,joint_fanin,0.01,64,0.0,9.6282958984375,10.516666666666667,0.08447265625,-0.00045610034207532735,0.0002987284519310185,0.020838269074278215,0.0034752989949891067,0.010780706441597922,-0.01765488563054282,0.024605483620521035
uniform,0.01,joint_fanin_l0.5,256,5048,0.0096282958984375,4376,17.09375,1.153564899451554,1.0,2.0,1.153564899451554,2000,109806,109334,54.667,0.4184502429236975,239222.79200000002,1831.1382630341002,0.0042984900642951684,0.000305682190248144,0.003699352971408806,0.004897627157181531,72572,1.5130628892685885,0.3215974289510821,0.01336605854815154,joint_fanin_l0.5,joint_fanin,0.01,64,0.5,9.6282958984375,10.516666666666667,0.08447265625,0.0015996343692870063,0.00041138974966870023,0.020766164336996962,-0.0022806226753020464,0.01086996812897078,-0.023585760208084772,0.01902451485748068
uniform,0.01,oracle_spike_l0.5,256,5048,0.0096282958984375,4382,17.1171875,1.1519853947968963,1.0,2.0,1.1519853947968963,2000,109384,108924,54.462,0.4217323880182215,238652.48400000003,1848.0313242958466,0.004205368243984542,0.0003233281065830407,0.003571645155081782,0.004839091332887301,72328,1.5123327065590089,0.3219476519607338,0.013062273380075614,oracle_spike_l0.5,oracle_spike,0.01,64,0.5,9.6282958984375,10.516666666666667,0.08447265625,0.0002282062984937383,0.0003182679293580737,0.02111638734664867,0.00010881794855233107,0.01090710016677653,-0.021269098378329666,0.02148673427543433
