dataset,input_rate,fanout_bin,fanin_degree_quartile,fanin_level,pair_count,mean_fanin_similarity,mean_fanout_similarity,mean_spike_jaccard,mean_spike_cosine,mean_lift,median_lift
flybrain,0.001,"[-1e-12, 0.01)","(-0.001, 47.911]",high,13,0.289549908780678,0.0,0.0,0.0,0.0,0.0
flybrain,0.001,"[-1e-12, 0.01)","(-0.001, 47.911]",low_nonzero,17,0.017163468051564178,0.0010770915615206272,0.0,0.0,0.0,0.0
flybrain,0.001,"[-1e-12, 0.01)","(-0.001, 47.911]",zero,171,0.0,0.0,0.0,0.0,0.0,0.0
flybrain,0.001,"[-1e-12, 0.01)","(194.246, 1636.204]",high,7,0.05169473977620949,0.007314534127615849,0.0,,,
flybrain,0.001,"[-1e-12, 0.01)","(194.246, 1636.204]",low_nonzero,67,0.010540515825702774,0.0032346952552348915,0.0,0.0,0.0,0.0
flybrain,0.001,"[-1e-12, 0.01)","(194.246, 1636.204]",zero,20,0.0,0.0003259794833765913,0.0,,,
flybrain,0.001,"[-1e-12, 0.01)","(47.911, 93.258]",high,6,0.04395399437705096,0.0019858860243271038,0.0,,,
flybrain,0.001,"[-1e-12, 0.01)","(47.911, 93.258]",low_nonzero,23,0.012619413610565912,0.0023933187058683965,0.0,,,
flybrain,0.001,"[-1e-12, 0.01)","(47.911, 93.258]",zero,149,0.0,0.0001381027357929208,0.0,0.0,0.0,0.0
flybrain,0.001,"[-1e-12, 0.01)","(93.258, 194.246]",high,3,0.06862985255768947,0.001792114695340502,0.0,,,
flybrain,0.001,"[-1e-12, 0.01)","(93.258, 194.246]",low_nonzero,48,0.009524520277595953,0.003542231287080892,0.020833333333333332,0.5,64.0,64.0
flybrain,0.001,"[-1e-12, 0.01)","(93.258, 194.246]",zero,107,0.0,0.00016886557251418334,0.0,0.0,0.0,0.0
flybrain,0.001,"[0.01, 0.05)","(-0.001, 47.911]",high,16,0.10887073132318771,0.028615188572804953,0.0,0.0,0.0,0.0
flybrain,0.001,"[0.01, 0.05)","(-0.001, 47.911]",low_nonzero,3,0.008938827042545372,0.020738581352035518,0.0,,,
flybrain,0.001,"[0.01, 0.05)","(194.246, 1636.204]",high,39,0.06661507391372092,0.029901072414743303,0.0,,,
flybrain,0.001,"[0.01, 0.05)","(194.246, 1636.204]",low_nonzero,50,0.02056931302665708,0.02342511562920684,0.0,0.0,0.0,0.0
flybrain,0.001,"[0.01, 0.05)","(194.246, 1636.204]",zero,1,0.0,0.012552301255230125,0.0,,,
flybrain,0.001,"[0.01, 0.05)","(47.911, 93.258]",high,19,0.057316960911507994,0.02850747689167269,0.0,0.0,0.0,0.0
flybrain,0.001,"[0.01, 0.05)","(47.911, 93.258]",low_nonzero,15,0.014801508102732227,0.019396456755527442,0.0,0.0,0.0,0.0
flybrain,0.001,"[0.01, 0.05)","(47.911, 93.258]",zero,4,0.0,0.015741664289949622,0.0,,,
flybrain,0.001,"[0.01, 0.05)","(93.258, 194.246]",high,24,0.06549384650939295,0.028068438759813408,0.0,0.0,0.0,0.0
flybrain,0.001,"[0.01, 0.05)","(93.258, 194.246]",low_nonzero,36,0.01679429465312489,0.021089846458038478,0.0,,,
flybrain,0.001,"[0.05, 0.1)","(-0.001, 47.911]",high,18,0.18183051369153805,0.07184813575436882,0.0,,,
flybrain,0.001,"[0.05, 0.1)","(194.246, 1636.204]",high,35,0.09338619714717401,0.06940396428175426,0.0,0.0,0.0,0.0
flybrain,0.001,"[0.05, 0.1)","(194.246, 1636.204]",low_nonzero,5,0.028809766580065843,0.07626680222719698,0.0,,,
flybrain,0.001,"[0.05, 0.1)","(47.911, 93.258]",high,13,0.07537886278672105,0.07190828397636789,0.0,,,
flybrain,0.001,"[0.05, 0.1)","(47.911, 93.258]",low_nonzero,3,0.020932488729098902,0.06690159058580111,0.0,,,
flybrain,0.001,"[0.05, 0.1)","(93.258, 194.246]",high,14,0.07941085799655488,0.07226650652708622,0.0,,,
flybrain,0.001,"[0.05, 0.1)","(93.258, 194.246]",low_nonzero,6,0.023654387667286173,0.06272194544861297,0.0,,,
flybrain,0.001,"[0.1, 0.2)","(-0.001, 47.911]",high,7,0.24827683725516542,0.1496098728230402,0.0,,,
flybrain,0.001,"[0.1, 0.2)","(194.246, 1636.204]",high,18,0.14561270656699637,0.14628954129838687,0.0,,,
flybrain,0.001,"[0.1, 0.2)","(47.911, 93.258]",high,11,0.11490634101242576,0.13291264941189246,0.0,,,
flybrain,0.001,"[0.1, 0.2)","(47.911, 93.258]",low_nonzero,1,0.014814814814814815,0.18421052631578946,0.0,,,
flybrain,0.001,"[0.1, 0.2)","(93.258, 194.246]",high,9,0.1383107659936543,0.12799814256417538,0.0,,,
flybrain,0.001,"[0.2, 0.3)","(-0.001, 47.911]",high,3,0.47229709493860433,0.23142135642135644,0.0,,,
flybrain,0.001,"[0.2, 0.3)","(194.246, 1636.204]",high,5,0.15207681902398681,0.21561758593064476,0.0,0.0,0.0,0.0
flybrain,0.001,"[0.2, 0.3)","(47.911, 93.258]",high,4,0.139801964315284,0.23256475165782786,0.0,,,
flybrain,0.001,"[0.2, 0.3)","(93.258, 194.246]",high,3,0.19959955613451053,0.2804216674167536,0.0,,,
flybrain,0.001,"[0.3, 0.4)","(-0.001, 47.911]",high,1,0.38461538461538464,0.3076923076923077,0.0,,,
flybrain,0.001,"[0.3, 0.4)","(194.246, 1636.204]",high,2,0.5103491177801236,0.3210352723109633,0.0,,,
flybrain,0.001,"[0.3, 0.4)","(47.911, 93.258]",high,2,0.259121830550402,0.3232997774012426,0.0,,,
flybrain,0.001,"[0.4, 0.6)","(-0.001, 47.911]",high,1,0.8333333333333334,0.5,0.0,,,
flybrain,0.001,"[0.4, 0.6)","(194.246, 1636.204]",high,1,0.6501901140684411,0.5373831775700935,0.0,,,
flybrain,0.005,"[-1e-12, 0.01)","(-0.001, 47.911]",high,13,0.289549908780678,0.0,0.0,0.0,0.0,0.0
flybrain,0.005,"[-1e-12, 0.01)","(-0.001, 47.911]",low_nonzero,17,0.017163468051564178,0.0010770915615206272,0.0,0.0,0.0,0.0
flybrain,0.005,"[-1e-12, 0.01)","(-0.001, 47.911]",zero,171,0.0,0.0,0.0,0.0,0.0,0.0
flybrain,0.005,"[-1e-12, 0.01)","(194.246, 1636.204]",high,7,0.05169473977620949,0.007314534127615849,0.0,0.0,0.0,0.0
flybrain,0.005,"[-1e-12, 0.01)","(194.246, 1636.204]",low_nonzero,67,0.010540515825702774,0.0032346952552348915,0.0017308415903674902,0.03465186809695963,0.638095238095238,0.0
flybrain,0.005,"[-1e-12, 0.01)","(194.246, 1636.204]",zero,20,0.0,0.0003259794833765913,0.0,0.0,0.0,0.0
flybrain,0.005,"[-1e-12, 0.01)","(47.911, 93.258]",high,6,0.04395399437705096,0.0019858860243271038,0.0,,,
flybrain,0.005,"[-1e-12, 0.01)","(47.911, 93.258]",low_nonzero,23,0.012619413610565912,0.0023933187058683965,0.0,0.0,0.0,0.0
flybrain,0.005,"[-1e-12, 0.01)","(47.911, 93.258]",zero,149,0.0,0.0001381027357929208,0.0,0.0,0.0,0.0
flybrain,0.005,"[-1e-12, 0.01)","(93.258, 194.246]",high,3,0.06862985255768947,0.001792114695340502,0.0,0.0,0.0,0.0
flybrain,0.005,"[-1e-12, 0.01)","(93.258, 194.246]",low_nonzero,48,0.009524520277595953,0.003542231287080892,0.0,0.0,0.0,0.0
flybrain,0.005,"[-1e-12, 0.01)","(93.258, 194.246]",zero,107,0.0,0.00016886557251418334,0.0,0.0,0.0,0.0
flybrain,0.005,"[0.01, 0.05)","(-0.001, 47.911]",high,16,0.10887073132318771,0.028615188572804953,0.0,0.0,0.0,0.0
flybrain,0.005,"[0.01, 0.05)","(-0.001, 47.911]",low_nonzero,3,0.008938827042545372,0.020738581352035518,0.0,,,
flybrain,0.005,"[0.01, 0.05)","(194.246, 1636.204]",high,39,0.06661507391372092,0.029901072414743303,0.0,0.0,0.0,0.0
flybrain,0.005,"[0.01, 0.05)","(194.246, 1636.204]",low_nonzero,50,0.02056931302665708,0.02342511562920684,0.0,0.0,0.0,0.0
flybrain,0.005,"[0.01, 0.05)","(194.246, 1636.204]",zero,1,0.0,0.012552301255230125,0.0,,,
flybrain,0.005,"[0.01, 0.05)","(47.911, 93.258]",high,19,0.057316960911507994,0.02850747689167269,0.0,0.0,0.0,0.0
flybrain,0.005,"[0.01, 0.05)","(47.911, 93.258]",low_nonzero,15,0.014801508102732227,0.019396456755527442,0.0,0.0,0.0,0.0
flybrain,0.005,"[0.01, 0.05)","(47.911, 93.258]",zero,4,0.0,0.015741664289949622,0.0,0.0,0.0,0.0
flybrain,0.005,"[0.01, 0.05)","(93.258, 194.246]",high,24,0.06549384650939295,0.028068438759813408,0.0,0.0,0.0,0.0
flybrain,0.005,"[0.01, 0.05)","(93.258, 194.246]",low_nonzero,36,0.01679429465312489,0.021089846458038478,0.0,0.0,0.0,0.0
flybrain,0.005,"[0.05, 0.1)","(-0.001, 47.911]",high,18,0.18183051369153805,0.07184813575436882,0.0,0.0,0.0,0.0
flybrain,0.005,"[0.05, 0.1)","(194.246, 1636.204]",high,35,0.09338619714717401,0.06940396428175426,0.0,0.0,0.0,0.0
flybrain,0.005,"[0.05, 0.1)","(194.246, 1636.204]",low_nonzero,5,0.028809766580065843,0.07626680222719698,0.0,0.0,0.0,0.0
flybrain,0.005,"[0.05, 0.1)","(47.911, 93.258]",high,13,0.07537886278672105,0.07190828397636789,0.0,,,
flybrain,0.005,"[0.05, 0.1)","(47.911, 93.258]",low_nonzero,3,0.020932488729098902,0.06690159058580111,0.0,0.0,0.0,0.0
flybrain,0.005,"[0.05, 0.1)","(93.258, 194.246]",high,14,0.07941085799655488,0.07226650652708622,0.0,0.0,0.0,0.0
flybrain,0.005,"[0.05, 0.1)","(93.258, 194.246]",low_nonzero,6,0.023654387667286173,0.06272194544861297,0.0,,,
flybrain,0.005,"[0.1, 0.2)","(-0.001, 47.911]",high,7,0.24827683725516542,0.1496098728230402,0.0,0.0,0.0,0.0
flybrain,0.005,"[0.1, 0.2)","(194.246, 1636.204]",high,18,0.14561270656699637,0.14628954129838687,0.0,0.0,0.0,0.0
flybrain,0.005,"[0.1, 0.2)","(47.911, 93.258]",high,11,0.11490634101242576,0.13291264941189246,0.0303030303030303,0.1924500897298753,14.222222222222221,0.0
flybrain,0.005,"[0.1, 0.2)","(47.911, 93.258]",low_nonzero,1,0.014814814814814815,0.18421052631578946,0.0,,,
flybrain,0.005,"[0.1, 0.2)","(93.258, 194.246]",high,9,0.1383107659936543,0.12799814256417538,0.0,0.0,0.0,0.0
flybrain,0.005,"[0.2, 0.3)","(-0.001, 47.911]",high,3,0.47229709493860433,0.23142135642135644,0.0,,,
flybrain,0.005,"[0.2, 0.3)","(194.246, 1636.204]",high,5,0.15207681902398681,0.21561758593064476,0.0,0.0,0.0,0.0
flybrain,0.005,"[0.2, 0.3)","(47.911, 93.258]",high,4,0.139801964315284,0.23256475165782786,0.0,,,
flybrain,0.005,"[0.2, 0.3)","(93.258, 194.246]",high,3,0.19959955613451053,0.2804216674167536,0.0,,,
flybrain,0.005,"[0.3, 0.4)","(-0.001, 47.911]",high,1,0.38461538461538464,0.3076923076923077,0.0,0.0,0.0,0.0
flybrain,0.005,"[0.3, 0.4)","(194.246, 1636.204]",high,2,0.5103491177801236,0.3210352723109633,0.0,0.0,0.0,0.0
flybrain,0.005,"[0.3, 0.4)","(47.911, 93.258]",high,2,0.259121830550402,0.3232997774012426,0.0,,,
flybrain,0.005,"[0.4, 0.6)","(-0.001, 47.911]",high,1,0.8333333333333334,0.5,0.0,,,
flybrain,0.005,"[0.4, 0.6)","(194.246, 1636.204]",high,1,0.6501901140684411,0.5373831775700935,0.0,,,
flybrain,0.01,"[-1e-12, 0.01)","(-0.001, 47.911]",high,13,0.289549908780678,0.0,0.0,0.0,0.0,0.0
flybrain,0.01,"[-1e-12, 0.01)","(-0.001, 47.911]",low_nonzero,17,0.017163468051564178,0.0010770915615206272,0.0,0.0,0.0,0.0
flybrain,0.01,"[-1e-12, 0.01)","(-0.001, 47.911]",zero,171,0.0,0.0,0.0029239766081871343,0.01118120227420326,0.6136986301369862,0.0
flybrain,0.01,"[-1e-12, 0.01)","(194.246, 1636.204]",high,7,0.05169473977620949,0.007314534127615849,0.0,0.0,0.0,0.0
flybrain,0.01,"[-1e-12, 0.01)","(194.246, 1636.204]",low_nonzero,67,0.010540515825702774,0.0032346952552348915,0.0022607202084814026,0.030017216549793738,0.5103918147396408,0.0
flybrain,0.01,"[-1e-12, 0.01)","(194.246, 1636.204]",zero,20,0.0,0.0003259794833765913,0.0,0.0,0.0,0.0
flybrain,0.01,"[-1e-12, 0.01)","(47.911, 93.258]",high,6,0.04395399437705096,0.0019858860243271038,0.0,0.0,0.0,0.0
flybrain,0.01,"[-1e-12, 0.01)","(47.911, 93.258]",low_nonzero,23,0.012619413610565912,0.0023933187058683965,0.0,0.0,0.0,0.0
flybrain,0.01,"[-1e-12, 0.01)","(47.911, 93.258]",zero,149,0.0,0.0001381027357929208,0.0022371364653243847,0.009312101115961707,0.6881720430107526,0.0
flybrain,0.01,"[-1e-12, 0.01)","(93.258, 194.246]",high,3,0.06862985255768947,0.001792114695340502,0.0,0.0,0.0,0.0
flybrain,0.01,"[-1e-12, 0.01)","(93.258, 194.246]",low_nonzero,48,0.009524520277595953,0.003542231287080892,0.0,0.0,0.0,0.0
flybrain,0.01,"[-1e-12, 0.01)","(93.258, 194.246]",zero,107,0.0,0.00016886557251418334,0.004205607476635514,0.01692892624571415,0.8296296296296295,0.0
flybrain,0.01,"[0.01, 0.05)","(-0.001, 47.911]",high,16,0.10887073132318771,0.028615188572804953,0.0,0.0,0.0,0.0
flybrain,0.01,"[0.01, 0.05)","(-0.001, 47.911]",low_nonzero,3,0.008938827042545372,0.020738581352035518,0.0,0.0,0.0,0.0
flybrain,0.01,"[0.01, 0.05)","(194.246, 1636.204]",high,39,0.06661507391372092,0.029901072414743303,0.059895389163681846,0.12486150259123359,3.191037836240368,0.0
flybrain,0.01,"[0.01, 0.05)","(194.246, 1636.204]",low_nonzero,50,0.02056931302665708,0.02342511562920684,0.0022222222222222222,0.009259259259259259,0.2962962962962963,0.0
flybrain,0.01,"[0.01, 0.05)","(194.246, 1636.204]",zero,1,0.0,0.012552301255230125,0.0,0.0,0.0,0.0
flybrain,0.01,"[0.01, 0.05)","(47.911, 93.258]",high,19,0.057316960911507994,0.02850747689167269,0.0,0.0,0.0,0.0
flybrain,0.01,"[0.01, 0.05)","(47.911, 93.258]",low_nonzero,15,0.014801508102732227,0.019396456755527442,0.03333333333333333,0.10101525445522107,9.142857142857142,0.0
flybrain,0.01,"[0.01, 0.05)","(47.911, 93.258]",zero,4,0.0,0.015741664289949622,0.0,0.0,0.0,0.0
flybrain,0.01,"[0.01, 0.05)","(93.258, 194.246]",high,24,0.06549384650939295,0.028068438759813408,0.0,0.0,0.0,0.0
flybrain,0.01,"[0.01, 0.05)","(93.258, 194.246]",low_nonzero,36,0.01679429465312489,0.021089846458038478,0.0,0.0,0.0,0.0
flybrain,0.01,"[0.05, 0.1)","(-0.001, 47.911]",high,18,0.18183051369153805,0.07184813575436882,0.0,0.0,0.0,0.0
flybrain,0.01,"[0.05, 0.1)","(194.246, 1636.204]",high,35,0.09338619714717401,0.06940396428175426,0.024865424430641825,0.08196683370961869,4.370927318295739,0.0
flybrain,0.01,"[0.05, 0.1)","(194.246, 1636.204]",low_nonzero,5,0.028809766580065843,0.07626680222719698,0.0,0.0,0.0,0.0
flybrain,0.01,"[0.05, 0.1)","(47.911, 93.258]",high,13,0.07537886278672105,0.07190828397636789,0.0,0.0,0.0,0.0
flybrain,0.01,"[0.05, 0.1)","(47.911, 93.258]",low_nonzero,3,0.020932488729098902,0.06690159058580111,0.0,0.0,0.0,0.0
flybrain,0.01,"[0.05, 0.1)","(93.258, 194.246]",high,14,0.07941085799655488,0.07226650652708622,0.0,0.0,0.0,0.0
flybrain,0.01,"[0.05, 0.1)","(93.258, 194.246]",low_nonzero,6,0.023654387667286173,0.06272194544861297,0.0,0.0,0.0,0.0
flybrain,0.01,"[0.1, 0.2)","(-0.001, 47.911]",high,7,0.24827683725516542,0.1496098728230402,0.0,0.0,0.0,0.0
flybrain,0.01,"[0.1, 0.2)","(194.246, 1636.204]",high,18,0.14561270656699637,0.14628954129838687,0.07053068726703428,0.2543642153654637,0.6455929342652772,0.0
flybrain,0.01,"[0.1, 0.2)","(47.911, 93.258]",high,11,0.11490634101242576,0.13291264941189246,0.0,0.0,0.0,0.0
flybrain,0.01,"[0.1, 0.2)","(47.911, 93.258]",low_nonzero,1,0.014814814814814815,0.18421052631578946,0.0,,,
flybrain,0.01,"[0.1, 0.2)","(93.258, 194.246]",high,9,0.1383107659936543,0.12799814256417538,0.0,0.0,0.0,0.0
flybrain,0.01,"[0.2, 0.3)","(-0.001, 47.911]",high,3,0.47229709493860433,0.23142135642135644,0.0,0.0,0.0,0.0
flybrain,0.01,"[0.2, 0.3)","(194.246, 1636.204]",high,5,0.15207681902398681,0.21561758593064476,0.0,0.0,0.0,0.0
flybrain,0.01,"[0.2, 0.3)","(47.911, 93.258]",high,4,0.139801964315284,0.23256475165782786,0.0,0.0,0.0,0.0
flybrain,0.01,"[0.2, 0.3)","(93.258, 194.246]",high,3,0.19959955613451053,0.2804216674167536,0.0,0.0,0.0,0.0
flybrain,0.01,"[0.3, 0.4)","(-0.001, 47.911]",high,1,0.38461538461538464,0.3076923076923077,0.0,,,
flybrain,0.01,"[0.3, 0.4)","(194.246, 1636.204]",high,2,0.5103491177801236,0.3210352723109633,0.0,0.0,0.0,0.0
flybrain,0.01,"[0.3, 0.4)","(47.911, 93.258]",high,2,0.259121830550402,0.3232997774012426,0.0,,,
flybrain,0.01,"[0.4, 0.6)","(-0.001, 47.911]",high,1,0.8333333333333334,0.5,0.0,,,
flybrain,0.01,"[0.4, 0.6)","(194.246, 1636.204]",high,1,0.6501901140684411,0.5373831775700935,0.0,,,
flybrain,0.02,"[-1e-12, 0.01)","(-0.001, 47.911]",high,13,0.289549908780678,0.0,0.02564102564102564,0.05773502691896258,4.266666666666667,0.0
flybrain,0.02,"[-1e-12, 0.01)","(-0.001, 47.911]",low_nonzero,17,0.017163468051564178,0.0010770915615206272,0.00980392156862745,0.018042195912175808,0.6666666666666666,0.0
flybrain,0.02,"[-1e-12, 0.01)","(-0.001, 47.911]",zero,171,0.0,0.0,0.0043484780326885596,0.00962970716686436,0.32,0.0
flybrain,0.02,"[-1e-12, 0.01)","(194.246, 1636.204]",high,7,0.05169473977620949,0.007314534127615849,0.0,0.0,0.0,0.0
flybrain,0.02,"[-1e-12, 0.01)","(194.246, 1636.204]",low_nonzero,67,0.010540515825702774,0.0032346952552348915,0.011625610487849184,0.03601890068197507,0.8018792194781289,0.0
flybrain,0.02,"[-1e-12, 0.01)","(194.246, 1636.204]",zero,20,0.0,0.0003259794833765913,0.007142857142857143,0.015625,0.5,0.0
flybrain,0.02,"[-1e-12, 0.01)","(47.911, 93.258]",high,6,0.04395399437705096,0.0019858860243271038,0.0,0.0,0.0,0.0
flybrain,0.02,"[-1e-12, 0.01)","(47.911, 93.258]",low_nonzero,23,0.012619413610565912,0.0023933187058683965,0.008695652173913044,0.016835875742536845,0.7619047619047619,0.0
flybrain,0.02,"[-1e-12, 0.01)","(47.911, 93.258]",zero,149,0.0,0.0001381027357929208,0.011833638140284217,0.032413954903510796,1.7306534828658722,0.0
flybrain,0.02,"[-1e-12, 0.01)","(93.258, 194.246]",high,3,0.06862985255768947,0.001792114695340502,0.0,0.0,0.0,0.0
flybrain,0.02,"[-1e-12, 0.01)","(93.258, 194.246]",low_nonzero,48,0.009524520277595953,0.003542231287080892,0.024305555555555552,0.0503191167450216,4.036036036036036,0.0
flybrain,0.02,"[-1e-12, 0.01)","(93.258, 194.246]",zero,107,0.0,0.00016886557251418334,0.01225312856526391,0.03246543976527864,1.3278869128177222,0.0
flybrain,0.02,"[0.01, 0.05)","(-0.001, 47.911]",high,16,0.10887073132318771,0.028615188572804953,0.0125,0.031943828249996996,1.8285714285714287,0.0
flybrain,0.02,"[0.01, 0.05)","(-0.001, 47.911]",low_nonzero,3,0.008938827042545372,0.020738581352035518,0.047619047619047616,0.08606629658238703,2.8444444444444446,0.0
flybrain,0.02,"[0.01, 0.05)","(194.246, 1636.204]",high,39,0.06661507391372092,0.029901072414743303,0.05205730295593703,0.07493114884340422,0.4551295001138144,0.0
flybrain,0.02,"[0.01, 0.05)","(194.246, 1636.204]",low_nonzero,50,0.02056931302665708,0.02342511562920684,0.005555555555555556,0.014963198183189245,0.5185185185185185,0.0
flybrain,0.02,"[0.01, 0.05)","(194.246, 1636.204]",zero,1,0.0,0.012552301255230125,0.0,0.0,0.0,0.0
flybrain,0.02,"[0.01, 0.05)","(47.911, 93.258]",high,19,0.057316960911507994,0.02850747689167269,0.02506265664160401,0.05357142857142857,2.857142857142857,0.0
flybrain,0.02,"[0.01, 0.05)","(47.911, 93.258]",low_nonzero,15,0.014801508102732227,0.019396456755527442,0.0,0.0,0.0,0.0
flybrain,0.02,"[0.01, 0.05)","(47.911, 93.258]",zero,4,0.0,0.015741664289949622,0.0,0.0,0.0,0.0
flybrain,0.02,"[0.01, 0.05)","(93.258, 194.246]",high,24,0.06549384650939295,0.028068438759813408,0.017063492063492062,0.03606246602149341,1.1466666666666665,0.0
flybrain,0.02,"[0.01, 0.05)","(93.258, 194.246]",low_nonzero,36,0.01679429465312489,0.021089846458038478,0.006944444444444444,0.017749925672341873,0.9275362318840579,0.0
flybrain,0.02,"[0.05, 0.1)","(-0.001, 47.911]",high,18,0.18183051369153805,0.07184813575436882,0.03745791245791246,0.06781406161003124,3.583333333333333,0.0
flybrain,0.02,"[0.05, 0.1)","(194.246, 1636.204]",high,35,0.09338619714717401,0.06940396428175426,0.007301587301587301,0.021274879880595645,0.7469445001001802,0.0
flybrain,0.02,"[0.05, 0.1)","(194.246, 1636.204]",low_nonzero,5,0.028809766580065843,0.07626680222719698,0.0,0.0,0.0,0.0
flybrain,0.02,"[0.05, 0.1)","(47.911, 93.258]",high,13,0.07537886278672105,0.07190828397636789,0.0,0.0,0.0,0.0
flybrain,0.02,"[0.05, 0.1)","(47.911, 93.258]",low_nonzero,3,0.020932488729098902,0.06690159058580111,0.0,0.0,0.0,0.0
flybrain,0.02,"[0.05, 0.1)","(93.258, 194.246]",high,14,0.07941085799655488,0.07226650652708622,0.022108843537414966,0.05468740243419741,1.92,0.0
flybrain,0.02,"[0.05, 0.1)","(93.258, 194.246]",low_nonzero,6,0.023654387667286173,0.06272194544861297,0.015151515151515152,0.041666666666666664,0.8888888888888888,0.0
flybrain,0.02,"[0.1, 0.2)","(-0.001, 47.911]",high,7,0.24827683725516542,0.1496098728230402,0.0,0.0,0.0,0.0
flybrain,0.02,"[0.1, 0.2)","(194.246, 1636.204]",high,18,0.14561270656699637,0.14628954129838687,0.0942197540207857,0.20346197622786355,3.8328549684586832,0.0
flybrain,0.02,"[0.1, 0.2)","(47.911, 93.258]",high,11,0.11490634101242576,0.13291264941189246,0.0101010101010101,0.025,0.64,0.0
flybrain,0.02,"[0.1, 0.2)","(47.911, 93.258]",low_nonzero,1,0.014814814814814815,0.18421052631578946,0.0,0.0,0.0,0.0
flybrain,0.02,"[0.1, 0.2)","(93.258, 194.246]",high,9,0.1383107659936543,0.12799814256417538,0.0,0.0,0.0,0.0
flybrain,0.02,"[0.2, 0.3)","(-0.001, 47.911]",high,3,0.47229709493860433,0.23142135642135644,0.0,,,
flybrain,0.02,"[0.2, 0.3)","(194.246, 1636.204]",high,5,0.15207681902398681,0.21561758593064476,0.0,0.0,0.0,0.0
flybrain,0.02,"[0.2, 0.3)","(47.911, 93.258]",high,4,0.139801964315284,0.23256475165782786,0.0,0.0,0.0,0.0
flybrain,0.02,"[0.2, 0.3)","(93.258, 194.246]",high,3,0.19959955613451053,0.2804216674167536,0.041666666666666664,0.11785113019775793,3.5555555555555554,3.5555555555555554
flybrain,0.02,"[0.3, 0.4)","(-0.001, 47.911]",high,1,0.38461538461538464,0.3076923076923077,0.0,0.0,0.0,0.0
flybrain,0.02,"[0.3, 0.4)","(194.246, 1636.204]",high,2,0.5103491177801236,0.3210352723109633,0.16666666666666666,0.2886751345948129,21.333333333333332,21.333333333333332
flybrain,0.02,"[0.3, 0.4)","(47.911, 93.258]",high,2,0.259121830550402,0.3232997774012426,0.0,0.0,0.0,0.0
flybrain,0.02,"[0.4, 0.6)","(-0.001, 47.911]",high,1,0.8333333333333334,0.5,0.0,0.0,0.0,0.0
flybrain,0.02,"[0.4, 0.6)","(194.246, 1636.204]",high,1,0.6501901140684411,0.5373831775700935,0.0,,,
flybrain,0.05,"[-1e-12, 0.01)","(-0.001, 47.911]",high,13,0.289549908780678,0.0,0.021153846153846155,0.039691828309796166,0.9377289377289377,0.0
flybrain,0.05,"[-1e-12, 0.01)","(-0.001, 47.911]",low_nonzero,17,0.017163468051564178,0.0010770915615206272,0.024302104742825924,0.0467638237615712,1.0323565323565325,0.0
flybrain,0.05,"[-1e-12, 0.01)","(-0.001, 47.911]",zero,171,0.0,0.0,0.02386910163646897,0.045206170703722945,0.9736788432026527,0.0
flybrain,0.05,"[-1e-12, 0.01)","(194.246, 1636.204]",high,7,0.05169473977620949,0.007314534127615849,0.03153153153153153,0.060329393650146446,0.9251700680272109,0.0
flybrain,0.05,"[-1e-12, 0.01)","(194.246, 1636.204]",low_nonzero,67,0.010540515825702774,0.0032346952552348915,0.03229378585746183,0.08660699192478499,1.168559187550186,0.0
flybrain,0.05,"[-1e-12, 0.01)","(194.246, 1636.204]",zero,20,0.0,0.0003259794833765913,0.040164442167771805,0.08239081272533526,1.8617999544315336,0.0
flybrain,0.05,"[-1e-12, 0.01)","(47.911, 93.258]",high,6,0.04395399437705096,0.0019858860243271038,0.013888888888888888,0.026352313834736494,0.5333333333333333,0.0
flybrain,0.05,"[-1e-12, 0.01)","(47.911, 93.258]",low_nonzero,23,0.012619413610565912,0.0023933187058683965,0.013466183574879227,0.028408749674429114,0.6649350649350649,0.0
flybrain,0.05,"[-1e-12, 0.01)","(47.911, 93.258]",zero,149,0.0,0.0001381027357929208,0.021513829775872507,0.04210468442706842,0.9497879408056922,0.0
flybrain,0.05,"[-1e-12, 0.01)","(93.258, 194.246]",high,3,0.06862985255768947,0.001792114695340502,0.023809523809523808,0.045360921162651446,0.7901234567901234,0.0
flybrain,0.05,"[-1e-12, 0.01)","(93.258, 194.246]",low_nonzero,48,0.009524520277595953,0.003542231287080892,0.01937484662668486,0.03801447163427824,0.6853775561374346,0.0
flybrain,0.05,"[-1e-12, 0.01)","(93.258, 194.246]",zero,107,0.0,0.00016886557251418334,0.025489283213810224,0.051500090689654145,1.3034264709512235,0.0
flybrain,0.05,"[0.01, 0.05)","(-0.001, 47.911]",high,16,0.10887073132318771,0.028615188572804953,0.027188375350140057,0.050765563221378374,0.91005291005291,0.0
flybrain,0.05,"[0.01, 0.05)","(-0.001, 47.911]",low_nonzero,3,0.008938827042545372,0.020738581352035518,0.0,0.0,0.0,0.0
flybrain,0.05,"[0.01, 0.05)","(194.246, 1636.204]",high,39,0.06661507391372092,0.029901072414743303,0.06828280918603391,0.1023143517538761,0.7104405823453284,0.0
flybrain,0.05,"[0.01, 0.05)","(194.246, 1636.204]",low_nonzero,50,0.02056931302665708,0.02342511562920684,0.025388519665946976,0.05576892936303175,0.7744003948565773,0.0
flybrain,0.05,"[0.01, 0.05)","(194.246, 1636.204]",zero,1,0.0,0.012552301255230125,0.0,0.0,0.0,0.0
flybrain,0.05,"[0.01, 0.05)","(47.911, 93.258]",high,19,0.057316960911507994,0.02850747689167269,0.004048582995951417,0.00876889402941094,0.1673202614379085,0.0
flybrain,0.05,"[0.01, 0.05)","(47.911, 93.258]",low_nonzero,15,0.014801508102732227,0.019396456755527442,0.04227855477855478,0.08178695428006323,1.9950617283950616,0.0
flybrain,0.05,"[0.01, 0.05)","(47.911, 93.258]",zero,4,0.0,0.015741664289949622,0.019230769230769232,0.036084391824351615,0.6666666666666666,0.0
flybrain,0.05,"[0.01, 0.05)","(93.258, 194.246]",high,24,0.06549384650939295,0.028068438759813408,0.009281517094017094,0.018501867012398178,0.3393939393939394,0.0
flybrain,0.05,"[0.01, 0.05)","(93.258, 194.246]",low_nonzero,36,0.01679429465312489,0.021089846458038478,0.02591902696069363,0.05178024197892687,1.0640407058069397,0.0
flybrain,0.05,"[0.05, 0.1)","(-0.001, 47.911]",high,18,0.18183051369153805,0.07184813575436882,0.025848765432098766,0.04634762265413785,1.0469135802469136,0.0
flybrain,0.05,"[0.05, 0.1)","(194.246, 1636.204]",high,35,0.09338619714717401,0.06940396428175426,0.01968269319333149,0.04709131446674776,0.80076652934902,0.0
flybrain,0.05,"[0.05, 0.1)","(194.246, 1636.204]",low_nonzero,5,0.028809766580065843,0.07626680222719698,0.019047619047619046,0.04564354645876384,0.5333333333333333,0.0
flybrain,0.05,"[0.05, 0.1)","(47.911, 93.258]",high,13,0.07537886278672105,0.07190828397636789,0.012910166756320602,0.026114034853592483,0.526984126984127,0.0
flybrain,0.05,"[0.05, 0.1)","(47.911, 93.258]",low_nonzero,3,0.020932488729098902,0.06690159058580111,0.08912655971479501,0.15840568959786686,2.552380952380952,3.657142857142857
flybrain,0.05,"[0.05, 0.1)","(93.258, 194.246]",high,14,0.07941085799655488,0.07226650652708622,0.01098901098901099,0.020513907868182097,0.37706511175898927,0.0
flybrain,0.05,"[0.05, 0.1)","(93.258, 194.246]",low_nonzero,6,0.023654387667286173,0.06272194544861297,0.03333333333333333,0.05590169943749474,0.7999999999999999,0.0
flybrain,0.05,"[0.1, 0.2)","(-0.001, 47.911]",high,7,0.24827683725516542,0.1496098728230402,0.03856209150326797,0.07243813688516901,1.6524427952999383,0.0
flybrain,0.05,"[0.1, 0.2)","(194.246, 1636.204]",high,18,0.14561270656699637,0.14628954129838687,0.09469677981408187,0.16999136070190665,0.7720639564737868,0.0
flybrain,0.05,"[0.1, 0.2)","(47.911, 93.258]",high,11,0.11490634101242576,0.13291264941189246,0.03612307283359915,0.07335969965448227,0.9181573981573982,0.6464646464646465
flybrain,0.05,"[0.1, 0.2)","(47.911, 93.258]",low_nonzero,1,0.014814814814814815,0.18421052631578946,0.0,0.0,0.0,0.0
flybrain,0.05,"[0.1, 0.2)","(93.258, 194.246]",high,9,0.1383107659936543,0.12799814256417538,0.02635327635327635,0.04821421206434345,0.9029982363315696,0.0
flybrain,0.05,"[0.2, 0.3)","(-0.001, 47.911]",high,3,0.47229709493860433,0.23142135642135644,0.0,0.0,0.0,0.0
flybrain,0.05,"[0.2, 0.3)","(194.246, 1636.204]",high,5,0.15207681902398681,0.21561758593064476,0.03418803418803419,0.06528568395401399,0.7160839160839161,0.0
flybrain,0.05,"[0.2, 0.3)","(47.911, 93.258]",high,4,0.139801964315284,0.23256475165782786,0.029411764705882353,0.07106690545187014,0.9696969696969697,0.0
flybrain,0.05,"[0.2, 0.3)","(93.258, 194.246]",high,3,0.19959955613451053,0.2804216674167536,0.0,0.0,0.0,0.0
flybrain,0.05,"[0.3, 0.4)","(-0.001, 47.911]",high,1,0.38461538461538464,0.3076923076923077,0.0,0.0,0.0,0.0
flybrain,0.05,"[0.3, 0.4)","(194.246, 1636.204]",high,2,0.5103491177801236,0.3210352723109633,0.041666666666666664,0.07715167498104596,1.5238095238095237,1.5238095238095237
flybrain,0.05,"[0.3, 0.4)","(47.911, 93.258]",high,2,0.259121830550402,0.3232997774012426,0.0,0.0,0.0,0.0
flybrain,0.05,"[0.4, 0.6)","(-0.001, 47.911]",high,1,0.8333333333333334,0.5,0.0,0.0,0.0,0.0
flybrain,0.05,"[0.4, 0.6)","(194.246, 1636.204]",high,1,0.6501901140684411,0.5373831775700935,0.0,0.0,0.0,0.0
flybrain,0.1,"[-1e-12, 0.01)","(-0.001, 47.911]",high,13,0.289549908780678,0.0,0.04696854869268662,0.08694517109439909,0.860888064507974,1.1428571428571428
flybrain,0.1,"[-1e-12, 0.01)","(-0.001, 47.911]",low_nonzero,17,0.017163468051564178,0.0010770915615206272,0.06325115812416279,0.11633777181228078,1.1154775413380402,1.0666666666666667
flybrain,0.1,"[-1e-12, 0.01)","(-0.001, 47.911]",zero,171,0.0,0.0,0.04681388178743986,0.08884615635899201,0.9543633259272237,0.8258408258408259
flybrain,0.1,"[-1e-12, 0.01)","(194.246, 1636.204]",high,7,0.05169473977620949,0.007314534127615849,0.027254088504088503,0.05797420874030763,0.473436625486315,0.64
flybrain,0.1,"[-1e-12, 0.01)","(194.246, 1636.204]",low_nonzero,67,0.010540515825702774,0.0032346952552348915,0.05409218165149336,0.12367928200206485,0.9657200166727848,0.9846153846153847
flybrain,0.1,"[-1e-12, 0.01)","(194.246, 1636.204]",zero,20,0.0,0.0003259794833765913,0.07371509580981706,0.13993162609784232,1.3199566622837742,1.2195804195804196
flybrain,0.1,"[-1e-12, 0.01)","(47.911, 93.258]",high,6,0.04395399437705096,0.0019858860243271038,0.06820693114552763,0.12629190880238875,1.1911633449301149,0.896600475547844
flybrain,0.1,"[-1e-12, 0.01)","(47.911, 93.258]",low_nonzero,23,0.012619413610565912,0.0023933187058683965,0.03870838306625899,0.07410228965104512,0.7359046869882783,0.8
flybrain,0.1,"[-1e-12, 0.01)","(47.911, 93.258]",zero,149,0.0,0.0001381027357929208,0.04548066333785727,0.08738162508197385,0.8970725022675499,0.7878787878787878
flybrain,0.1,"[-1e-12, 0.01)","(93.258, 194.246]",high,3,0.06862985255768947,0.001792114695340502,0.03489326765188834,0.06669387154009211,0.5698005698005698,0.6153846153846154
flybrain,0.1,"[-1e-12, 0.01)","(93.258, 194.246]",low_nonzero,48,0.009524520277595953,0.003542231287080892,0.047014023569885786,0.08802989985754661,0.9166862026077371,0.8843304843304843
flybrain,0.1,"[-1e-12, 0.01)","(93.258, 194.246]",zero,107,0.0,0.00016886557251418334,0.045299301384069776,0.08916731248667957,0.961822781522247,0.7507395940832473
flybrain,0.1,"[0.01, 0.05)","(-0.001, 47.911]",high,16,0.10887073132318771,0.028615188572804953,0.06583392242979284,0.12184123666920224,1.0948998462573123,1.045751633986928
flybrain,0.1,"[0.01, 0.05)","(-0.001, 47.911]",low_nonzero,3,0.008938827042545372,0.020738581352035518,0.012345679012345678,0.023870495801314433,0.2188034188034188,0.0
flybrain,0.1,"[0.01, 0.05)","(194.246, 1636.204]",high,39,0.06661507391372092,0.029901072414743303,0.09723321594145427,0.1525629675232055,0.9263428815034656,0.9846153846153847
flybrain,0.1,"[0.01, 0.05)","(194.246, 1636.204]",low_nonzero,50,0.02056931302665708,0.02342511562920684,0.0679393640617203,0.14820985334197567,0.9046529568575936,1.0078740157480315
flybrain,0.1,"[0.01, 0.05)","(194.246, 1636.204]",zero,1,0.0,0.012552301255230125,0.0,0.0,0.0,0.0
flybrain,0.1,"[0.01, 0.05)","(47.911, 93.258]",high,19,0.057316960911507994,0.02850747689167269,0.04509033937478476,0.08405409564047024,0.9288380352883717,0.7111111111111111
flybrain,0.1,"[0.01, 0.05)","(47.911, 93.258]",low_nonzero,15,0.014801508102732227,0.019396456755527442,0.06694128134345526,0.12426760878286133,1.4210142081472583,1.3061224489795917
flybrain,0.1,"[0.01, 0.05)","(47.911, 93.258]",zero,4,0.0,0.015741664289949622,0.02827380952380952,0.05364965892545151,0.4947209653092006,0.41025641025641024
flybrain,0.1,"[0.01, 0.05)","(93.258, 194.246]",high,24,0.06549384650939295,0.028068438759813408,0.05508387243036366,0.10334183344557078,1.3579600997557655,1.3011351909184725
flybrain,0.1,"[0.01, 0.05)","(93.258, 194.246]",low_nonzero,36,0.01679429465312489,0.021089846458038478,0.06634541664958027,0.12384792390249852,1.5016997071990765,1.0256410256410255
flybrain,0.1,"[0.05, 0.1)","(-0.001, 47.911]",high,18,0.18183051369153805,0.07184813575436882,0.05589901728917747,0.1013541527129558,1.1206248895137785,0.7981351981351981
flybrain,0.1,"[0.05, 0.1)","(194.246, 1636.204]",high,35,0.09338619714717401,0.06940396428175426,0.052970918705649024,0.10355965010334907,1.0506555412193488,0.9917687151256414
flybrain,0.1,"[0.05, 0.1)","(194.246, 1636.204]",low_nonzero,5,0.028809766580065843,0.07626680222719698,0.054775559588626746,0.11199387872412667,0.958525988173047,1.0666666666666667
flybrain,0.1,"[0.05, 0.1)","(47.911, 93.258]",high,13,0.07537886278672105,0.07190828397636789,0.057321950924892104,0.1070235439743613,1.1627094890382685,1.263157894736842
flybrain,0.1,"[0.05, 0.1)","(47.911, 93.258]",low_nonzero,3,0.020932488729098902,0.06690159058580111,0.11364159190246147,0.2055353721106501,1.6859270084845532,1.7066666666666668
flybrain,0.1,"[0.05, 0.1)","(93.258, 194.246]",high,14,0.07941085799655488,0.07226650652708622,0.05674852893102321,0.10250508276411371,0.9669937265759401,0.9142857142857143
flybrain,0.1,"[0.05, 0.1)","(93.258, 194.246]",low_nonzero,6,0.023654387667286173,0.06272194544861297,0.05576212576212577,0.10769185916716689,0.8861424704561959,1.2200435729847494
flybrain,0.1,"[0.1, 0.2)","(-0.001, 47.911]",high,7,0.24827683725516542,0.1496098728230402,0.06314759287023156,0.13056879858701692,1.6460731071965038,1.1636363636363636
flybrain,0.1,"[0.1, 0.2)","(194.246, 1636.204]",high,18,0.14561270656699637,0.14628954129838687,0.12421326535198725,0.20021406879778048,0.9311960080610169,0.8205128205128205
flybrain,0.1,"[0.1, 0.2)","(47.911, 93.258]",high,11,0.11490634101242576,0.13291264941189246,0.057380266314435595,0.10699073858728948,0.9571914467275399,0.8465608465608465
flybrain,0.1,"[0.1, 0.2)","(47.911, 93.258]",low_nonzero,1,0.014814814814814815,0.18421052631578946,0.09090909090909091,0.16770509831248423,1.2,1.2
flybrain,0.1,"[0.1, 0.2)","(93.258, 194.246]",high,9,0.1383107659936543,0.12799814256417538,0.06655152417084127,0.12420293021303358,1.180401178915111,1.054945054945055
flybrain,0.1,"[0.2, 0.3)","(-0.001, 47.911]",high,3,0.47229709493860433,0.23142135642135644,0.04292929292929293,0.0811351969210025,0.8453768453768454,0.9846153846153847
flybrain,0.1,"[0.2, 0.3)","(194.246, 1636.204]",high,5,0.15207681902398681,0.21561758593064476,0.09160568645694503,0.1787870649834445,2.0659801613361983,1.6623376623376624
flybrain,0.1,"[0.2, 0.3)","(47.911, 93.258]",high,4,0.139801964315284,0.23256475165782786,0.02048494983277592,0.04030298108939717,0.4168067226890756,0.3764705882352941
flybrain,0.1,"[0.2, 0.3)","(93.258, 194.246]",high,3,0.19959955613451053,0.2804216674167536,0.06132756132756132,0.11625944941052463,1.300921300921301,1.1428571428571428
flybrain,0.1,"[0.3, 0.4)","(-0.001, 47.911]",high,1,0.38461538461538464,0.3076923076923077,0.0,0.0,0.0,0.0
flybrain,0.1,"[0.3, 0.4)","(194.246, 1636.204]",high,2,0.5103491177801236,0.3210352723109633,0.017241379310344827,0.03363363969981562,0.2895927601809955,0.2895927601809955
flybrain,0.1,"[0.3, 0.4)","(47.911, 93.258]",high,2,0.259121830550402,0.3232997774012426,0.020833333333333332,0.040291148201269014,0.4155844155844156,0.4155844155844156
flybrain,0.1,"[0.4, 0.6)","(-0.001, 47.911]",high,1,0.8333333333333334,0.5,0.043478260869565216,0.08333333333333333,0.8888888888888888,0.8888888888888888
flybrain,0.1,"[0.4, 0.6)","(194.246, 1636.204]",high,1,0.6501901140684411,0.5373831775700935,0.0,,,
