schema_version,run_id,dataset,n_neuron,edge_count,mean_fanout,t_steps,warmup_steps,seed,timing_method,update_backend,current_backend,cusparse_primitive,cusparse_algorithm,baseline_cuda_graph,cudagraph_proxy_requested,kernel_active_profile_requested,requested_activity,actual_activity,n_active_per_step,spike_seed,repeat,cudagraph_status,kernel_profile_status,eager_wall_total_ms,eager_gpu_total_ms,eager_boundary_ms,instrumented_wall_total_ms,instrumented_gpu_total_ms,update_phase_elapsed_ms,current_phase_elapsed_ms,raw_inter_phase_residual_ms,inter_phase_residual_ms,instrumentation_wall_delta_ms,cudagraph_wall_total_ms,cudagraph_gpu_total_ms,raw_graph_removable_wall_ms,raw_graph_removable_gpu_ms,graph_removable_wall_ms,graph_removable_gpu_ms,update_kernel_active_ms,current_kernel_active_ms,execution_overhead_ms,update_kernel_count,current_kernel_count,ignored_device_event_count,eager_wall_us_per_step,eager_gpu_us_per_step,update_phase_elapsed_us_per_step,current_phase_elapsed_us_per_step,inter_phase_residual_us_per_step,cudagraph_wall_us_per_step,cudagraph_gpu_us_per_step,graph_removable_wall_us_per_step,graph_removable_gpu_us_per_step,update_kernel_active_us_per_step,current_kernel_active_us_per_step,execution_overhead_us_per_step,update_fraction_of_instrumented_gpu,current_fraction_of_instrumented_gpu,inter_phase_fraction_of_instrumented_gpu,graph_removable_wall_fraction_of_eager
3,20260810T162623Z,flybrain,138639,15091983,108.85813515677407,1000,100,42,separate_eager_cupti_phase_event_and_cudagraph_passes,pytorch_cuda_eager,cusparse_direct_eager,SpMV,CUSPARSE_SPMV_ALG_DEFAULT,False,True,True,0.005,0.0049985934693700905,693,42,0,ok,ok,176.09197506681085,176.0663604736328,0.02561459317803383,182.17029888182878,182.13168334960938,18.777407985180616,161.4401914179325,1.9140839464962482,1.9140839464962482,6.078323815017939,174.29572995752096,174.26742553710938,1.7962451092898846,1.7989349365234375,1.7962451092898846,1.7989349365234375,15.124819999999653,158.97988999999995,1.9872650668112328,13000,3000,0,176.09197506681085,176.0663604736328,18.777407985180616,161.4401914179325,1.9140839464962482,174.29572995752096,174.26742553710938,1.7962451092898846,1.7989349365234375,15.124819999999653,158.97988999999995,1.9872650668112328,0.10309797636436818,0.886392682749444,0.010509340886187738,0.010200607430340725
3,20260810T162623Z,flybrain,138639,15091983,108.85813515677407,1000,100,42,separate_eager_cupti_phase_event_and_cudagraph_passes,pytorch_cuda_eager,cusparse_direct_eager,SpMV,CUSPARSE_SPMV_ALG_DEFAULT,False,True,True,0.005,0.0049985934693700905,693,42,1,ok,ok,175.2326071728021,175.21971130371094,0.012895869091153145,181.9884330034256,181.9484405517578,18.720352021977305,161.37049601972103,1.857592510059476,1.857592510059476,6.7558258306235075,177.197583951056,177.1775665283203,-1.964976778253913,-1.957855224609375,0.0,0.0,14.908480999999574,158.50390200000015,1.8202241728023694,13000,3000,0,175.2326071728021,175.21971130371094,18.720352021977305,161.37049601972103,1.857592510059476,177.197583951056,177.1775665283203,0.0,0.0,14.908480999999574,158.50390200000015,1.8202241728023694,0.10288822462675648,0.8869023308491446,0.010209444524098889,0.0
3,20260810T162623Z,flybrain,138639,15091983,108.85813515677407,1000,100,42,separate_eager_cupti_phase_event_and_cudagraph_passes,pytorch_cuda_eager,cusparse_direct_eager,SpMV,CUSPARSE_SPMV_ALG_DEFAULT,False,True,True,0.005,0.0049985934693700905,693,42,2,ok,ok,176.2006578501314,176.1821746826172,0.01848316751420498,182.02390102669597,181.98121643066406,18.719967998564243,161.35363164544106,1.9076167866587639,1.9076167866587639,5.823243176564574,183.72941808775067,183.71536254882812,-7.528760237619281,-7.5331878662109375,0.0,0.0,14.90394899999881,158.5450239999998,2.7516848501327615,13000,3000,0,176.2006578501314,176.1821746826172,18.719967998564243,161.35363164544106,1.9076167866587639,183.72941808775067,183.71536254882812,0.0,0.0,14.90394899999881,158.5450239999998,2.751684850132761,0.10286758362062419,0.8866499236030646,0.010482492776311214,0.0
3,20260810T162623Z,flybrain,138639,15091983,108.85813515677407,1000,100,42,separate_eager_cupti_phase_event_and_cudagraph_passes,pytorch_cuda_eager,cusparse_direct_eager,SpMV,CUSPARSE_SPMV_ALG_DEFAULT,False,True,True,0.005,0.0049985934693700905,693,42,3,ok,ok,175.55722105316818,175.5416259765625,0.015595076605677605,182.10358009673655,182.0552978515625,18.775071984156966,161.38777543604374,1.8924504313617945,1.8924504313617945,6.546359043568373,177.2930659353733,177.2731170654297,-1.7358448822051287,-1.7314910888671875,0.0,0.0,14.895835000000883,158.57432400000013,2.087062053167159,13000,3000,0,175.55722105316818,175.5416259765625,18.775071984156966,161.38777543604374,1.8924504313617945,177.2930659353733,177.2731170654297,0.0,0.0,14.895835000000883,158.57432400000013,2.0870620531671595,0.10312840222570775,0.8864766768151406,0.0103949209591516,0.0
3,20260810T162623Z,flybrain,138639,15091983,108.85813515677407,1000,100,42,separate_eager_cupti_phase_event_and_cudagraph_passes,pytorch_cuda_eager,cusparse_direct_eager,SpMV,CUSPARSE_SPMV_ALG_DEFAULT,False,True,True,0.005,0.0049985934693700905,693,42,4,ok,ok,176.20639503002167,176.18663024902344,0.01976478099822998,181.93200416862965,181.89581298828125,18.752512004226446,161.2349755614996,1.9083254225552082,1.9083254225552082,5.725609138607979,182.84895201213658,182.834716796875,-6.642556982114911,-6.6480865478515625,0.0,0.0,14.909359000000636,158.59746200000026,2.699574030020756,13000,3000,0,176.20639503002167,176.18663024902344,18.752512004226446,161.2349755614996,1.9083254225552082,182.84895201213658,182.834716796875,0.0,0.0,14.909359000000636,158.59746200000026,2.699574030020756,0.10309479748956392,0.8864138921762166,0.010491310334219475,0.0
3,20260810T162623Z,flybrain,138639,15091983,108.85813515677407,1000,100,42,separate_eager_cupti_phase_event_and_cudagraph_passes,pytorch_cuda_eager,cusparse_direct_eager,SpMV,CUSPARSE_SPMV_ALG_DEFAULT,False,True,True,0.005,0.0049985934693700905,693,42,5,ok,ok,175.65210000611842,175.64016723632812,0.011932769790291786,181.91626900807023,181.87893676757812,18.70761597342789,161.2680635601282,1.9032572340220213,1.9032572340220213,6.264169001951814,178.2102668657899,178.1925811767578,-2.5581668596714735,-2.5524139404296875,0.0,0.0,14.895981999999448,158.62801099999922,2.1281070061197624,13000,3000,0,175.65210000611842,175.64016723632812,18.70761597342789,161.2680635601282,1.9032572340220213,178.2102668657899,178.1925811767578,0.0,0.0,14.895981999999448,158.62801099999922,2.1281070061197624,0.10285751778576883,0.8866780641356596,0.010464418078571578,0.0
3,20260810T162623Z,flybrain,138639,15091983,108.85813515677407,1000,100,42,separate_eager_cupti_phase_event_and_cudagraph_passes,pytorch_cuda_eager,cusparse_direct_eager,SpMV,CUSPARSE_SPMV_ALG_DEFAULT,False,True,True,0.005,0.0049985934693700905,693,42,6,ok,ok,176.1566950008273,176.13795471191406,0.01874028891324997,181.80872197262943,181.7678985595703,18.747135957702994,161.11407960951328,1.9066829923540354,1.9066829923540354,5.652026971802115,176.8912288825959,176.8777313232422,-0.7345338817685843,-0.739776611328125,0.0,0.0,14.90893800000074,158.59111999999996,2.6566370008266063,13000,3000,0,176.1566950008273,176.13795471191406,18.747135957702994,161.11407960951328,1.9066829923540354,176.8912288825959,176.8777313232422,0.0,0.0,14.90893800000074,158.59111999999996,2.6566370008266063,0.10313777133512408,0.8863725712090564,0.010489657455819479,0.0
3,20260810T162623Z,flybrain,138639,15091983,108.85813515677407,1000,100,42,separate_eager_cupti_phase_event_and_cudagraph_passes,pytorch_cuda_eager,cusparse_direct_eager,SpMV,CUSPARSE_SPMV_ALG_DEFAULT,False,True,True,0.005,0.0049985934693700905,693,42,7,ok,ok,175.5884380545467,175.5729217529297,0.015516301617026329,181.94001400843263,181.90237426757812,18.70486400835216,161.34710374474525,1.85040651448071,1.85040651448071,6.351575953885913,177.4228389840573,177.40098571777344,-1.8344009295105934,-1.82806396484375,0.0,0.0,14.899046000001833,158.61999000000017,2.069402054544696,13000,3000,0,175.5884380545467,175.5729217529297,18.70486400835216,161.34710374474525,1.85040651448071,177.4228389840573,177.40098571777344,0.0,0.0,14.899046000001833,158.61999000000017,2.069402054544696,0.10282913614331021,0.8869983385010901,0.01017252535559962,0.0
3,20260810T162623Z,flybrain,138639,15091983,108.85813515677407,1000,100,42,separate_eager_cupti_phase_event_and_cudagraph_passes,pytorch_cuda_eager,cusparse_direct_eager,SpMV,CUSPARSE_SPMV_ALG_DEFAULT,False,True,True,0.005,0.0049985934693700905,693,42,8,ok,ok,176.17407580837607,176.15330505371094,0.020770754665136337,181.96087214164436,181.90509033203125,18.722655968740582,161.3286719918251,1.8537623714655638,1.8537623714655638,5.786796333268285,183.5549238603562,183.54006958007812,-7.380848051980138,-7.3867645263671875,0.0,0.0,14.909461999999284,158.619778,2.644835808376797,13000,3000,0,176.17407580837607,176.15330505371094,18.722655968740582,161.3286719918251,1.8537623714655638,183.5549238603562,183.54006958007812,0.0,0.0,14.909461999999284,158.619778,2.644835808376797,0.10292540980885213,0.8868837683285936,0.010190821862554217,0.0
3,20260810T162623Z,flybrain,138639,15091983,108.85813515677407,1000,100,42,separate_eager_cupti_phase_event_and_cudagraph_passes,pytorch_cuda_eager,cusparse_direct_eager,SpMV,CUSPARSE_SPMV_ALG_DEFAULT,False,True,True,0.005,0.0049985934693700905,693,42,9,ok,ok,175.5365279968828,175.5232696533203,0.013258343562483788,181.99080508202314,181.9503631591797,18.710687993094325,161.38201574981213,1.8576594162732363,1.8576594162732363,6.4542770851403475,177.29323310777545,177.2730255126953,-1.7567051108926535,-1.749755859375,0.0,0.0,14.908069999998956,158.67533500000044,1.953122996883394,13000,3000,0,175.5365279968828,175.5232696533203,18.710687993094325,161.38201574981213,1.8576594162732363,177.29323310777545,177.2730255126953,0.0,0.0,14.908069999998956,158.67533500000044,1.953122996883394,0.1028340238965351,0.8869562717422372,0.010209704361227676,0.0
3,20260810T162623Z,flybrain,138639,15091983,108.85813515677407,1000,100,42,separate_eager_cupti_phase_event_and_cudagraph_passes,pytorch_cuda_eager,cusparse_direct_eager,SpMV,CUSPARSE_SPMV_ALG_DEFAULT,False,True,True,0.01,0.009997186938740181,1386,43,0,ok,ok,178.0823329463601,178.05821228027344,0.024120666086673737,183.62995982170105,183.58531188964844,20.781440030783415,161.29916715621948,1.5047047026455402,1.5047047026455402,5.547626875340939,175.81615294329822,175.79983520507812,2.2661800030618906,2.2583770751953125,2.2661800030618906,2.2583770751953125,15.900797999999494,158.79263099999994,3.3889039463606707,13000,3000,0,178.0823329463601,178.05821228027344,20.781440030783415,161.29916715621948,1.5047047026455402,175.81615294329822,175.79983520507812,2.2661800030618906,2.2583770751953125,15.900797999999494,158.79263099999994,3.3889039463606703,0.11319772707783377,0.8786060578374322,0.00819621508473404,0.012725462237427465
3,20260810T162623Z,flybrain,138639,15091983,108.85813515677407,1000,100,42,separate_eager_cupti_phase_event_and_cudagraph_passes,pytorch_cuda_eager,cusparse_direct_eager,SpMV,CUSPARSE_SPMV_ALG_DEFAULT,False,True,True,0.01,0.009997186938740181,1386,43,1,ok,ok,177.44280211627483,177.4299774169922,0.01282469928264618,183.61984007060528,183.58018493652344,20.673183975741267,161.4140793532133,1.49292160756886,1.49292160756886,6.177037954330444,178.06280800141394,178.04441833496094,-0.6200058851391077,-0.61444091796875,0.0,0.0,15.883892000000145,158.57700400000053,2.9819061162741605,13000,3000,0,177.44280211627483,177.4299774169922,20.673183975741267,161.4140793532133,1.49292160756886,178.06280800141394,178.04441833496094,0.0,0.0,15.883892000000145,158.57700400000053,2.9819061162741605,0.11261119484594397,0.8792565461736815,0.008132258980374531,0.0
3,20260810T162623Z,flybrain,138639,15091983,108.85813515677407,1000,100,42,separate_eager_cupti_phase_event_and_cudagraph_passes,pytorch_cuda_eager,cusparse_direct_eager,SpMV,CUSPARSE_SPMV_ALG_DEFAULT,False,True,True,0.01,0.009997186938740181,1386,43,2,ok,ok,178.06017911061645,178.04159545898438,0.01858365163207054,183.5177920293063,183.4805145263672,20.666752066463232,161.32595148682594,1.4878109730780125,1.4878109730780125,5.457612918689847,177.59262793697417,177.57933044433594,0.4675511736422777,0.4622650146484375,0.4675511736422777,0.4622650146484375,15.910668000000653,158.65066200000084,3.4988491106149695,13000,3000,0,178.06017911061645,178.04159545898438,20.666752066463232,161.32595148682594,1.4878109730780125,177.59262793697417,177.57933044433594,0.4675511736422777,0.4622650146484375,15.910668000000653,158.65066200000084,3.4988491106149695,0.11263731257682572,0.8792538646584321,0.008108822764742169,0.002625804242013149
3,20260810T162623Z,flybrain,138639,15091983,108.85813515677407,1000,100,42,separate_eager_cupti_phase_event_and_cudagraph_passes,pytorch_cuda_eager,cusparse_direct_eager,SpMV,CUSPARSE_SPMV_ALG_DEFAULT,False,True,True,0.01,0.009997186938740181,1386,43,3,ok,ok,177.24910099059343,177.23663330078125,0.01246768981218338,183.66708513349295,183.6321258544922,20.759488029405475,161.38140764832497,1.4912301767617464,1.4912301767617464,6.417984142899513,178.08999121189117,178.0708770751953,-0.8408902212977409,-0.8342437744140625,0.0,0.0,15.89019699999932,158.51788499999935,2.841018990594762,13000,3000,0,177.24910099059343,177.23663330078125,20.759488029405475,161.38140764832497,1.4912301767617464,178.08999121189117,178.0708770751953,0.0,0.0,15.89019699999932,158.51788499999935,2.841018990594762,0.11304932583449497,0.8788299263942606,0.008120747771244443,0.0
3,20260810T162623Z,flybrain,138639,15091983,108.85813515677407,1000,100,42,separate_eager_cupti_phase_event_and_cudagraph_passes,pytorch_cuda_eager,cusparse_direct_eager,SpMV,CUSPARSE_SPMV_ALG_DEFAULT,False,True,True,0.01,0.009997186938740181,1386,43,4,ok,ok,178.12115186825395,178.1036834716797,0.017468396574258804,183.52143210358918,183.486083984375,20.63219201937318,161.35951924324036,1.494372721761465,1.494372721761465,5.400280235335231,177.7622988447547,177.74815368652344,0.3588530234992504,0.35552978515625,0.3588530234992504,0.35552978515625,15.897311999999959,158.5793890000007,3.644450868253273,13000,3000,0,178.12115186825395,178.1036834716797,20.63219201937318,161.35951924324036,1.494372721761465,177.7622988447547,177.74815368652344,0.3588530234992504,0.35552978515625,15.897311999999959,158.5793890000007,3.644450868253273,0.11244554121679408,0.8794101205897508,0.008144338193455152,0.002014656988995184
3,20260810T162623Z,flybrain,138639,15091983,108.85813515677407,1000,100,42,separate_eager_cupti_phase_event_and_cudagraph_passes,pytorch_cuda_eager,cusparse_direct_eager,SpMV,CUSPARSE_SPMV_ALG_DEFAULT,False,True,True,0.01,0.009997186938740181,1386,43,5,ok,ok,177.20919498242438,177.19683837890625,0.012356603518128395,183.54617385193706,183.50869750976562,20.72588801383972,161.30924732983112,1.47356216609478,1.47356216609478,6.336978869512677,177.94869793578982,177.93069458007812,-0.7395029533654451,-0.733856201171875,0.0,0.0,15.894205999999993,158.58298700000037,2.732001982424009,13000,3000,0,177.20919498242438,177.19683837890625,20.72588801383972,161.30924732983112,1.47356216609478,177.94869793578982,177.93069458007812,0.0,0.0,15.894205999999993,158.58298700000037,2.7320019824240087,0.11294226538083717,0.8790278036889607,0.008029930930202165,0.0
3,20260810T162623Z,flybrain,138639,15091983,108.85813515677407,1000,100,42,separate_eager_cupti_phase_event_and_cudagraph_passes,pytorch_cuda_eager,cusparse_direct_eager,SpMV,CUSPARSE_SPMV_ALG_DEFAULT,False,True,True,0.01,0.009997186938740181,1386,43,6,ok,ok,178.08225098997355,178.0641632080078,0.018087781965732574,183.64222790114582,183.60223388671875,20.775936041027308,161.32499146461487,1.5013063810765743,1.5013063810765743,5.559976911172271,177.92434012517333,177.9102020263672,0.15791086480021477,0.153961181640625,0.15791086480021477,0.153961181640625,15.909201999999826,158.6021920000005,3.5708569899732083,13000,3000,0,178.08225098997355,178.0641632080078,20.775936041027308,161.32499146461487,1.5013063810765743,177.92434012517333,177.9102020263672,0.15791086480021477,0.153961181640625,15.909201999999826,158.6021920000005,3.5708569899732083,0.11315731623312333,0.8786657332511064,0.008176950515770246,0.000886729945979319
3,20260810T162623Z,flybrain,138639,15091983,108.85813515677407,1000,100,42,separate_eager_cupti_phase_event_and_cudagraph_passes,pytorch_cuda_eager,cusparse_direct_eager,SpMV,CUSPARSE_SPMV_ALG_DEFAULT,False,True,True,0.01,0.009997186938740181,1386,43,7,ok,ok,177.218209952116,177.2045440673828,0.013665884733200073,183.58936696313322,183.54995727539062,20.774528002366424,161.28204742074013,1.4933818522840738,1.4933818522840738,6.371157011017203,185.1431301329285,185.1203155517578,-7.924920180812478,-7.915771484375,0.0,0.0,15.876413000000403,158.63088399999975,2.710912952115848,13000,3000,0,177.218209952116,177.2045440673828,20.774528002366424,161.28204742074013,1.4933818522840738,185.1431301329285,185.1203155517578,0.0,0.0,15.876413000000403,158.63088399999975,2.710912952115848,0.1131818732662367,0.8786820210410583,0.008136105692705047,0.0
3,20260810T162623Z,flybrain,138639,15091983,108.85813515677407,1000,100,42,separate_eager_cupti_phase_event_and_cudagraph_passes,pytorch_cuda_eager,cusparse_direct_eager,SpMV,CUSPARSE_SPMV_ALG_DEFAULT,False,True,True,0.01,0.009997186938740181,1386,43,8,ok,ok,178.05055202916265,178.03245544433594,0.01809658482670784,183.6697740945965,183.63465881347656,20.782656006515026,161.35830345749855,1.493699349462986,1.493699349462986,5.61922206543386,177.69267014227808,177.67872619628906,0.3578818868845701,0.353729248046875,0.3578818868845701,0.353729248046875,15.88552900000119,158.57008099999967,3.5949420291617855,13000,3000,0,178.05055202916265,178.03245544433594,20.782656006515026,161.35830345749855,1.493699349462986,177.69267014227808,177.67872619628906,0.3578818868845701,0.353729248046875,15.88552900000119,158.57008099999967,3.594942029161785,0.11317392991496565,0.8786919882122862,0.008134081872748123,0.0020100015574562955
3,20260810T162623Z,flybrain,138639,15091983,108.85813515677407,1000,100,42,separate_eager_cupti_phase_event_and_cudagraph_passes,pytorch_cuda_eager,cusparse_direct_eager,SpMV,CUSPARSE_SPMV_ALG_DEFAULT,False,True,True,0.01,0.009997186938740181,1386,43,9,ok,ok,177.7148270048201,177.7021484375,0.012678567320108414,183.62028896808624,183.5832061767578,20.76137600839138,161.31935927271843,1.5024708956480026,1.5024708956480026,5.905461963266134,178.05285705253482,178.03424072265625,-0.33803004771471024,-0.33209228515625,0.0,0.0,15.889959000001383,158.58861400000018,3.2362540048185338,13000,3000,0,177.7148270048201,177.7021484375,20.76137600839138,161.31935927271843,1.5024708956480026,178.05285705253482,178.03424072265625,0.0,0.0,15.889959000001383,158.58861400000018,3.2362540048185338,0.1130897342995627,0.8787261244222782,0.008184141278159135,0.0
3,20260810T162623Z,flybrain,138639,15091983,108.85813515677407,1000,100,42,separate_eager_cupti_phase_event_and_cudagraph_passes,pytorch_cuda_eager,cusparse_direct_eager,SpMV,CUSPARSE_SPMV_ALG_DEFAULT,False,True,True,0.02,0.020001586855069642,2773,44,0,ok,ok,178.96948708221316,178.94677734375,0.022709738463163376,183.90785809606314,183.8668212890625,21.032256066799164,161.35148726403713,1.483077958226204,1.483077958226204,4.938371013849974,175.88047590106726,175.86448669433594,3.0890111811459064,3.0822906494140625,3.0890111811459064,3.0822906494140625,15.844906999998077,158.69232600000012,4.432254082214968,13000,3000,0,178.96948708221316,178.94677734375,21.032256066799164,161.35148726403713,1.483077958226204,175.88047590106726,175.86448669433594,3.0890111811459064,3.0822906494140625,15.844906999998077,158.69232600000012,4.432254082214968,0.11438853361006186,0.8775454219136777,0.008066044476260418,0.01725998789797564
3,20260810T162623Z,flybrain,138639,15091983,108.85813515677407,1000,100,42,separate_eager_cupti_phase_event_and_cudagraph_passes,pytorch_cuda_eager,cusparse_direct_eager,SpMV,CUSPARSE_SPMV_ALG_DEFAULT,False,True,True,0.02,0.020001586855069642,2773,44,1,ok,ok,178.77754685468972,178.75987243652344,0.017674418166279793,183.7532981298864,183.7181396484375,21.0039040800184,161.24476738274097,1.4694681856781244,1.4694681856781244,4.9757512751966715,178.9316649083048,178.90457153320312,-0.15411805361509323,-0.1446990966796875,0.0,0.0,15.841509000000592,158.81423999999933,4.121797854689788,13000,3000,0,178.77754685468972,178.75987243652344,21.0039040800184,161.24476738274097,1.4694681856781244,178.9316649083048,178.90457153320312,0.0,0.0,15.841509000000592,158.81423999999933,4.121797854689788,0.11432678406286614,0.8776747233087516,0.00799849262838223,0.0
3,20260810T162623Z,flybrain,138639,15091983,108.85813515677407,1000,100,42,separate_eager_cupti_phase_event_and_cudagraph_passes,pytorch_cuda_eager,cusparse_direct_eager,SpMV,CUSPARSE_SPMV_ALG_DEFAULT,False,True,True,0.02,0.020001586855069642,2773,44,2,ok,ok,178.75895998440683,178.74041748046875,0.01854250393807888,183.9874549768865,183.95155334472656,21.034592090174556,161.44457532465458,1.4723859298974276,1.4723859298974276,5.228494992479682,177.62461001984775,177.61123657226562,1.1343499645590782,1.129180908203125,1.1343499645590782,1.129180908203125,15.832263000000326,158.73224399999916,4.194452984407349,13000,3000,0,178.75895998440683,178.74041748046875,21.034592090174556,161.44457532465458,1.4723859298974276,177.62461001984775,177.61123657226562,1.1343499645590782,1.129180908203125,15.832263000000326,158.73224399999916,4.194452984407349,0.11434854290550935,0.8776472521659344,0.008004204928556191,0.006345695704752521
3,20260810T162623Z,flybrain,138639,15091983,108.85813515677407,1000,100,42,separate_eager_cupti_phase_event_and_cudagraph_passes,pytorch_cuda_eager,cusparse_direct_eager,SpMV,CUSPARSE_SPMV_ALG_DEFAULT,False,True,True,0.02,0.020001586855069642,2773,44,3,ok,ok,178.49920294247568,178.48634338378906,0.012859558686614037,183.75518498942256,183.71487426757812,20.996864032000303,161.20886334776878,1.5091468878090382,1.5091468878090382,5.255982046946883,178.05922799743712,178.0401611328125,0.43997494503855705,0.4461822509765625,0.43997494503855705,0.4461822509765625,15.828660000001308,158.65498299999993,4.015559942474425,13000,3000,0,178.49920294247568,178.48634338378906,20.996864032000303,161.20886334776878,1.5091468878090382,178.05922799743712,178.0401611328125,0.43997494503855705,0.4461822509765625,15.828660000001308,158.65498299999993,4.015559942474425,0.11429049561560632,0.8774948897875865,0.008214614596807153,0.0024648566368128057
3,20260810T162623Z,flybrain,138639,15091983,108.85813515677407,1000,100,42,separate_eager_cupti_phase_event_and_cudagraph_passes,pytorch_cuda_eager,cusparse_direct_eager,SpMV,CUSPARSE_SPMV_ALG_DEFAULT,False,True,True,0.02,0.020001586855069642,2773,44,4,ok,ok,179.06313599087298,179.04360961914062,0.019526371732354164,183.92051407136023,183.88316345214844,21.03123207576573,161.37894335389137,1.4729880224913359,1.4729880224913359,4.857378080487251,177.73148603737354,177.71810913085938,1.3316499534994364,1.32550048828125,1.3316499534994364,1.32550048828125,15.836710999997697,158.6072650000006,4.619159990874664,13000,3000,0,179.06313599087298,179.04360961914062,21.03123207576573,161.37894335389137,1.4729880224913359,177.73148603737354,177.71810913085938,1.3316499534994364,1.32550048828125,15.836710999997697,158.6072650000006,4.619159990874664,0.11437279890629382,0.8776167449168706,0.008010456176835616,0.007436762157272348
3,20260810T162623Z,flybrain,138639,15091983,108.85813515677407,1000,100,42,separate_eager_cupti_phase_event_and_cudagraph_passes,pytorch_cuda_eager,cusparse_direct_eager,SpMV,CUSPARSE_SPMV_ALG_DEFAULT,False,True,True,0.02,0.020001586855069642,2773,44,5,ok,ok,178.33959590643644,178.3275909423828,0.012004964053630829,183.9756420813501,183.936767578125,21.000960068777204,161.46223944425583,1.4735680650919676,1.4735680650919676,5.636046174913645,183.7704051285982,183.75123596191406,-5.43080922216177,-5.42364501953125,0.0,0.0,15.835358000001342,158.6685250000004,3.8357129064347077,13000,3000,0,178.33959590643644,178.3275909423828,21.000960068777204,161.46223944425583,1.4735680650919676,183.7704051285982,183.75123596191406,0.0,0.0,15.835358000001342,158.6685250000004,3.8357129064347077,0.11417488925838218,0.877813835538219,0.008011275203398834,0.0
3,20260810T162623Z,flybrain,138639,15091983,108.85813515677407,1000,100,42,separate_eager_cupti_phase_event_and_cudagraph_passes,pytorch_cuda_eager,cusparse_direct_eager,SpMV,CUSPARSE_SPMV_ALG_DEFAULT,False,True,True,0.02,0.020001586855069642,2773,44,6,ok,ok,178.9113951381296,178.8919677734375,0.019427364692091942,183.78270510584116,183.74371337890625,20.960320020094514,161.2889593243599,1.4944340344518423,1.4944340344518423,4.871309967711568,178.6010880023241,178.58767700195312,0.31030713580548763,0.304290771484375,0.31030713580548763,0.304290771484375,15.843045999999536,158.6742660000004,4.394083138129673,13000,3000,0,178.9113951381296,178.8919677734375,20.960320020094514,161.2889593243599,1.4944340344518423,178.6010880023241,178.58767700195312,0.31030713580548763,0.304290771484375,15.843045999999536,158.6742660000004,4.394083138129673,0.11407367160840647,0.877793075792251,0.008133252599342554,0.0017344179534563083
3,20260810T162623Z,flybrain,138639,15091983,108.85813515677407,1000,100,42,separate_eager_cupti_phase_event_and_cudagraph_passes,pytorch_cuda_eager,cusparse_direct_eager,SpMV,CUSPARSE_SPMV_ALG_DEFAULT,False,True,True,0.02,0.020001586855069642,2773,44,7,ok,ok,178.66404098458588,178.65087890625,0.013162078335881233,183.97049396298826,183.93399047851562,21.00364808924496,161.44409509003162,1.4862472992390394,1.4862472992390394,5.306452978402376,178.12368809245527,178.10357666015625,0.5403528921306133,0.54730224609375,0.5403528921306133,0.54730224609375,15.838237999998793,158.61705799999996,4.208744984587128,13000,3000,0,178.66404098458588,178.65087890625,21.00364808924496,161.44409509003162,1.4862472992390394,178.12368809245527,178.10357666015625,0.5403528921306133,0.54730224609375,15.838237999998793,158.61705799999996,4.208744984587128,0.11419122716036702,0.8777284430682162,0.008080329771416775,0.0030244076488633318
3,20260810T162623Z,flybrain,138639,15091983,108.85813515677407,1000,100,42,separate_eager_cupti_phase_event_and_cudagraph_passes,pytorch_cuda_eager,cusparse_direct_eager,SpMV,CUSPARSE_SPMV_ALG_DEFAULT,False,True,True,0.02,0.020001586855069642,2773,44,8,ok,ok,179.12614811211824,179.1071319580078,0.01901615411043167,183.81939618848264,183.78265380859375,21.037888057529926,161.26006339490414,1.484702356159687,1.484702356159687,4.693248076364398,177.89191496558487,177.876953125,1.23423314653337,1.2301788330078125,1.23423314653337,1.2301788330078125,15.84177500000035,158.6443379999996,4.640035112118284,13000,3000,0,179.12614811211824,179.1071319580078,21.037888057529926,161.26006339490414,1.484702356159687,177.89191496558487,177.876953125,1.23423314653337,1.2301788330078125,15.84177500000035,158.6443379999996,4.640035112118284,0.11447156530583402,0.8774498574977241,0.00807857719644193,0.006890301385595818
3,20260810T162623Z,flybrain,138639,15091983,108.85813515677407,1000,100,42,separate_eager_cupti_phase_event_and_cudagraph_passes,pytorch_cuda_eager,cusparse_direct_eager,SpMV,CUSPARSE_SPMV_ALG_DEFAULT,False,True,True,0.02,0.020001586855069642,2773,44,9,ok,ok,178.75991389155388,178.74771118164062,0.012202709913253784,183.83364519104362,183.79539489746094,20.965216036885977,161.33961527049541,1.490563590079546,1.490563590079546,5.073731299489737,178.17403795197606,178.15455627441406,0.5858759395778179,0.5931549072265625,0.5858759395778179,0.5931549072265625,15.830665999999994,158.63484400000007,4.294403891553799,13000,3000,0,178.75991389155388,178.74771118164062,20.965216036885977,161.33961527049541,1.490563590079546,178.17403795197606,178.15455627441406,0.5858759395778179,0.5931549072265625,15.830665999999994,158.63484400000007,4.294403891553799,0.11406823358432036,0.8778218592500995,0.008109907165580119,0.0032774458592167606
3,20260810T162623Z,flybrain,138639,15091983,108.85813515677407,1000,100,42,separate_eager_cupti_phase_event_and_cudagraph_passes,pytorch_cuda_eager,cusparse_direct_eager,SpMV,CUSPARSE_SPMV_ALG_DEFAULT,False,True,True,0.04,0.040003173710139284,5546,45,0,ok,ok,180.17095187678933,180.14895629882812,0.021995577961206436,185.69239904172719,185.657470703125,22.343840079382062,161.83459141850471,1.479039205238223,1.479039205238223,5.521447164937854,175.90030515566468,175.8856658935547,4.270646721124649,4.2632904052734375,4.270646721124649,4.2632904052734375,15.86315400000039,158.68541399999836,5.622383876790593,13000,3000,0,180.17095187678933,180.14895629882812,22.343840079382062,161.83459141850471,1.479039205238223,175.90030515566468,175.8856658935547,4.270646721124649,4.2632904052734375,15.86315400000039,158.68541399999836,5.622383876790592,0.12034980329507403,0.8716837022803452,0.007966494424580825,0.023703303316314546
3,20260810T162623Z,flybrain,138639,15091983,108.85813515677407,1000,100,42,separate_eager_cupti_phase_event_and_cudagraph_passes,pytorch_cuda_eager,cusparse_direct_eager,SpMV,CUSPARSE_SPMV_ALG_DEFAULT,False,True,True,0.04,0.040003173710139284,5546,45,1,ok,ok,179.3824869673699,179.3699493408203,0.012537626549601555,185.76002307236195,185.71778869628906,22.448640139773488,161.71430304646492,1.5548455100506544,1.5548455100506544,6.377536104992032,178.3312549814582,178.3125457763672,1.051231985911727,1.057403564453125,1.051231985911727,1.057403564453125,15.84460700000029,158.6852720000005,4.852607967369124,13000,3000,0,179.3824869673699,179.3699493408203,22.448640139773488,161.71430304646492,1.5548455100506544,178.3312549814582,178.3125457763672,1.051231985911727,1.057403564453125,15.84460700000029,158.6852720000005,4.852607967369123,0.12087501309034296,0.8707528997716104,0.008372087138046581,0.0058602821472920515
3,20260810T162623Z,flybrain,138639,15091983,108.85813515677407,1000,100,42,separate_eager_cupti_phase_event_and_cudagraph_passes,pytorch_cuda_eager,cusparse_direct_eager,SpMV,CUSPARSE_SPMV_ALG_DEFAULT,False,True,True,0.04,0.040003173710139284,5546,45,2,ok,ok,180.02169206738472,180.00025939941406,0.02143266797065735,185.33352599479258,185.2943115234375,22.326528111472726,161.4773432314396,1.4904401805251837,1.4904401805251837,5.311833927407861,178.98658220656216,178.970947265625,1.0351098608225584,1.0293121337890625,1.0351098608225584,1.0293121337890625,15.853278000000698,158.68374100000082,5.4846730673831985,13000,3000,0,180.02169206738472,180.00025939941406,22.326528111472726,161.4773432314396,1.4904401805251837,178.98658220656216,178.970947265625,1.0351098608225584,1.0293121337890625,15.853278000000698,158.68374100000082,5.484673067383199,0.12049224786184917,0.8714641151356374,0.00804363700251349,0.005749917406815073
3,20260810T162623Z,flybrain,138639,15091983,108.85813515677407,1000,100,42,separate_eager_cupti_phase_event_and_cudagraph_passes,pytorch_cuda_eager,cusparse_direct_eager,SpMV,CUSPARSE_SPMV_ALG_DEFAULT,False,True,True,0.04,0.040003173710139284,5546,45,3,ok,ok,179.38763182610273,179.3753662109375,0.012265615165233612,185.6838520616293,185.64723205566406,22.43065611831844,161.71977554261684,1.4968003947287798,1.4968003947287798,6.296220235526562,178.33197000436485,178.3112335205078,1.0556618217378855,1.0641326904296875,1.0556618217378855,1.0641326904296875,15.84875299999983,158.73052599999946,4.808352826103459,13000,3000,0,179.38763182610273,179.3753662109375,22.43065611831844,161.71977554261684,1.4968003947287798,178.33197000436485,178.3112335205078,1.0556618217378855,1.0641326904296875,15.84875299999983,158.73052599999946,4.808352826103459,0.12082408054213746,0.8711133139551854,0.008062605502677156,0.005884808283556793
3,20260810T162623Z,flybrain,138639,15091983,108.85813515677407,1000,100,42,separate_eager_cupti_phase_event_and_cudagraph_passes,pytorch_cuda_eager,cusparse_direct_eager,SpMV,CUSPARSE_SPMV_ALG_DEFAULT,False,True,True,0.04,0.040003173710139284,5546,45,4,ok,ok,179.92966691963375,179.91104125976562,0.018625659868121147,185.65757805481553,185.62002563476562,22.35328011214733,161.7885756343603,1.4781698882579803,1.4781698882579803,5.727911135181785,177.94641410000622,177.93353271484375,1.9832528196275234,1.977508544921875,1.9832528196275234,1.977508544921875,15.842843000000599,158.70102099999914,5.385802919634017,13000,3000,0,179.92966691963375,179.91104125976562,22.35328011214733,161.7885756343603,1.4781698882579803,177.94641410000622,177.93353271484375,1.9832528196275234,1.977508544921875,15.842843000000599,158.70102099999914,5.385802919634017,0.1204249381805962,0.8716116436310748,0.00796341818832896,0.011022378096844644
3,20260810T162623Z,flybrain,138639,15091983,108.85813515677407,1000,100,42,separate_eager_cupti_phase_event_and_cudagraph_passes,pytorch_cuda_eager,cusparse_direct_eager,SpMV,CUSPARSE_SPMV_ALG_DEFAULT,False,True,True,0.04,0.040003173710139284,5546,45,5,ok,ok,179.3627340812236,179.34988403320312,0.012850048020482063,185.77376613393426,185.7394561767578,22.497184110805392,161.75276751816273,1.4895045477896929,1.4895045477896929,6.411032052710652,178.11427894048393,178.09475708007812,1.2484551407396793,1.255126953125,1.2484551407396793,1.255126953125,15.853649999999929,158.65475499999914,4.8543290812245345,13000,3000,0,179.3627340812236,179.34988403320312,22.497184110805392,161.75276751816273,1.4895045477896929,178.11427894048393,178.09475708007812,1.2484551407396793,1.255126953125,15.853649999999929,158.65475499999914,4.854329081224534,0.12112226757784886,0.8708584102035472,0.008019322218603972,0.006960504628427007
3,20260810T162623Z,flybrain,138639,15091983,108.85813515677407,1000,100,42,separate_eager_cupti_phase_event_and_cudagraph_passes,pytorch_cuda_eager,cusparse_direct_eager,SpMV,CUSPARSE_SPMV_ALG_DEFAULT,False,True,True,0.04,0.040003173710139284,5546,45,6,ok,ok,179.89814514294267,179.8805389404297,0.017606202512979507,185.59719901531935,185.5606689453125,22.437152102589607,161.63423936069012,1.4892774820327759,1.4892774820327759,5.69905387237668,177.89713200181723,177.88307189941406,2.0010131411254406,1.997467041015625,2.0010131411254406,1.997467041015625,15.860065999999406,158.702188,5.335891142943268,13000,3000,0,179.89814514294267,179.8805389404297,22.437152102589607,161.63423936069012,1.4892774820327759,177.89713200181723,177.88307189941406,2.0010131411254406,1.997467041015625,15.860065999999406,158.702188,5.335891142943268,0.12091545169629762,0.8710587231625369,0.008025825141165493,0.011123033756326306
3,20260810T162623Z,flybrain,138639,15091983,108.85813515677407,1000,100,42,separate_eager_cupti_phase_event_and_cudagraph_passes,pytorch_cuda_eager,cusparse_direct_eager,SpMV,CUSPARSE_SPMV_ALG_DEFAULT,False,True,True,0.04,0.040003173710139284,5546,45,7,ok,ok,179.44407206960022,179.43128967285156,0.012782396748661995,185.65372098237276,185.61331176757812,22.452448090538383,161.65564762055874,1.5052160564810038,1.5052160564810038,6.209648912772536,178.0116860754788,177.99288940429688,1.4323859941214323,1.4384002685546875,1.4323859941214323,1.4384002685546875,15.846677000000541,158.67539700000017,4.9219980695995105,13000,3000,0,179.44407206960022,179.43128967285156,22.452448090538383,161.65564762055874,1.5052160564810038,178.0116860754788,177.99288940429688,1.4323859941214323,1.4384002685546875,15.846677000000541,158.67539700000017,4.921998069599511,0.1209635660111111,0.8709270153154814,0.008109418673407488,0.007982353373957423
3,20260810T162623Z,flybrain,138639,15091983,108.85813515677407,1000,100,42,separate_eager_cupti_phase_event_and_cudagraph_passes,pytorch_cuda_eager,cusparse_direct_eager,SpMV,CUSPARSE_SPMV_ALG_DEFAULT,False,True,True,0.04,0.040003173710139284,5546,45,8,ok,ok,180.16988690942526,180.1518096923828,0.018077217042446136,185.71201199665666,185.67417907714844,22.278112154453993,161.90211141109467,1.4939555115997791,1.4939555115997791,5.542125087231398,178.04627399891615,178.03245544433594,2.1236129105091095,2.119354248046875,2.1236129105091095,2.119354248046875,15.85920500000096,158.69139999999993,5.619281909424359,13000,3000,0,180.16988690942526,180.1518096923828,22.278112154453993,161.90211141109467,1.4939555115997791,178.04627399891615,178.03245544433594,2.1236129105091095,2.119354248046875,15.85920500000096,158.69139999999993,5.619281909424359,0.11998497726060951,0.8719689092785682,0.008046113460822325,0.01178672500125778
3,20260810T162623Z,flybrain,138639,15091983,108.85813515677407,1000,100,42,separate_eager_cupti_phase_event_and_cudagraph_passes,pytorch_cuda_eager,cusparse_direct_eager,SpMV,CUSPARSE_SPMV_ALG_DEFAULT,False,True,True,0.04,0.040003173710139284,5546,45,9,ok,ok,179.4683220796287,179.4559326171875,0.012389462441205978,185.51442096941173,185.47760009765625,22.310912081971765,161.6995194554329,1.4671685602515936,1.4671685602515936,6.046098889783025,178.351464914158,178.33255004882812,1.1168571654707193,1.123382568359375,1.1168571654707193,1.123382568359375,15.856977000001635,158.68727699999997,4.924068079627119,13000,3000,0,179.4683220796287,179.4559326171875,22.310912081971765,161.6995194554329,1.4671685602515936,178.351464914158,178.33255004882812,1.1168571654707193,1.123382568359375,15.856977000001635,158.68727699999997,4.924068079627119,0.12028898406182091,0.8718007962702563,0.007910219667922764,0.006223143742187429
3,20260810T162623Z,flybrain,138639,15091983,108.85813515677407,1000,100,42,separate_eager_cupti_phase_event_and_cudagraph_passes,pytorch_cuda_eager,cusparse_direct_eager,SpMV,CUSPARSE_SPMV_ALG_DEFAULT,False,True,True,0.08,0.07999913444268929,11091,46,0,ok,ok,179.34060702100396,179.31581115722656,0.024795863777399063,184.13378298282623,184.09852600097656,21.223999965935946,161.39820756018162,1.4763184748589993,1.4763184748589993,4.793175961822271,175.86073302663863,175.84591674804688,3.4798739943653345,3.4698944091796875,3.4798739943653345,3.4698944091796875,15.921120000001348,158.68287699999937,4.7366100210032585,13000,3000,0,179.34060702100396,179.31581115722656,21.223999965935946,161.39820756018162,1.4763184748589993,175.86073302663863,175.84591674804688,3.4798739943653345,3.4698944091796875,15.921120000001348,158.68287699999937,4.7366100210032585,0.11528609395722897,0.876694730077988,0.008019175964782944,0.01940371482046885
3,20260810T162623Z,flybrain,138639,15091983,108.85813515677407,1000,100,42,separate_eager_cupti_phase_event_and_cudagraph_passes,pytorch_cuda_eager,cusparse_direct_eager,SpMV,CUSPARSE_SPMV_ALG_DEFAULT,False,True,True,0.08,0.07999913444268929,11091,46,1,ok,ok,178.72406891547143,178.71218872070312,0.011880194768309593,184.2765191104263,184.2196807861328,21.250143963843584,161.50537529587746,1.4641615264117718,1.4641615264117718,5.552450194954872,178.20086888968945,178.18275451660156,0.5232000257819891,0.5294342041015625,0.5232000257819891,0.5294342041015625,15.915309000001406,158.66050299999998,4.148256915470057,13000,3000,0,178.72406891547143,178.71218872070312,21.250143963843584,161.50537529587746,1.4641615264117718,178.20086888968945,178.18275451660156,0.5232000257819891,0.5294342041015625,15.915309000001406,158.66050299999998,4.148256915470057,0.11535219186767365,0.8766998976801768,0.007947910452149622,0.0029274178288176706
3,20260810T162623Z,flybrain,138639,15091983,108.85813515677407,1000,100,42,separate_eager_cupti_phase_event_and_cudagraph_passes,pytorch_cuda_eager,cusparse_direct_eager,SpMV,CUSPARSE_SPMV_ALG_DEFAULT,False,True,True,0.08,0.07999913444268929,11091,46,2,ok,ok,179.3681939598173,179.35023498535156,0.017958974465727806,184.0818179771304,184.04544067382812,21.256703943014145,161.29743956029415,1.4912971705198288,1.4912971705198288,4.713624017313123,182.42368497885764,182.4108123779297,-3.055491019040346,-3.060577392578125,0.0,0.0,15.904698000000492,158.67624599999962,4.7872499598171885,13000,3000,0,179.3681939598173,179.35023498535156,21.256703943014145,161.29743956029415,1.4912971705198288,182.42368497885764,182.4108123779297,0.0,0.0,15.904698000000492,158.67624599999962,4.787249959817189,0.11549704173702424,0.8764000834236976,0.00810287483927819,0.0
3,20260810T162623Z,flybrain,138639,15091983,108.85813515677407,1000,100,42,separate_eager_cupti_phase_event_and_cudagraph_passes,pytorch_cuda_eager,cusparse_direct_eager,SpMV,CUSPARSE_SPMV_ALG_DEFAULT,False,True,True,0.08,0.07999913444268929,11091,46,3,ok,ok,178.6107940133661,178.59750366210938,0.013290351256728172,184.1368160676211,184.10015869140625,21.235103944316506,161.3569914251566,1.5080633219331503,1.5080633219331503,5.526022054255009,178.12458612024784,178.10549926757812,0.4862078931182623,0.49200439453125,0.4862078931182623,0.49200439453125,15.897493999998796,158.65083299999984,4.062467013367467,13000,3000,0,178.6107940133661,178.59750366210938,21.235103944316506,161.3569914251566,1.5080633219331503,178.12458612024784,178.10549926757812,0.4862078931182623,0.49200439453125,15.897493999998796,158.65083299999984,4.062467013367467,0.11534538642039614,0.8764630762520288,0.00819153732757508,0.00272216410998026
3,20260810T162623Z,flybrain,138639,15091983,108.85813515677407,1000,100,42,separate_eager_cupti_phase_event_and_cudagraph_passes,pytorch_cuda_eager,cusparse_direct_eager,SpMV,CUSPARSE_SPMV_ALG_DEFAULT,False,True,True,0.08,0.07999913444268929,11091,46,4,ok,ok,179.0810648817569,179.06329345703125,0.01777142472565174,184.17245685122907,184.13670349121094,21.24467198178172,161.40134304761887,1.4906884618103504,1.4906884618103504,5.09139196947217,180.11597404256463,180.1012420654297,-1.0349091608077288,-1.0379486083984375,0.0,0.0,15.904658000000575,158.7450079999997,4.431398881756621,13000,3000,0,179.0810648817569,179.06329345703125,21.24467198178172,161.40134304761887,1.4906884618103504,180.11597404256463,180.1012420654297,0.0,0.0,15.904658000000575,158.7450079999997,4.431398881756621,0.11537445592858545,0.8765299909657759,0.008095553105638729,0.0
3,20260810T162623Z,flybrain,138639,15091983,108.85813515677407,1000,100,42,separate_eager_cupti_phase_event_and_cudagraph_passes,pytorch_cuda_eager,cusparse_direct_eager,SpMV,CUSPARSE_SPMV_ALG_DEFAULT,False,True,True,0.08,0.07999913444268929,11091,46,5,ok,ok,178.85330109857023,178.84066772460938,0.012633373960852623,183.96800779737532,183.93055725097656,21.258304005488753,161.1907835751772,1.4814696703106165,1.4814696703106165,5.114706698805094,178.00649302080274,177.9871368408203,0.8468080777674913,0.8535308837890625,0.8468080777674913,0.8535308837890625,15.915378999999419,158.67442900000069,4.263493098570137,13000,3000,0,178.85330109857023,178.84066772460938,21.258304005488753,161.1907835751772,1.4814696703106165,178.00649302080274,177.9871368408203,0.8468080777674913,0.8535308837890625,15.915378999999419,158.67442900000069,4.263493098570137,0.11557788071332495,0.8763676138665174,0.008054505420157699,0.004734651653428503
3,20260810T162623Z,flybrain,138639,15091983,108.85813515677407,1000,100,42,separate_eager_cupti_phase_event_and_cudagraph_passes,pytorch_cuda_eager,cusparse_direct_eager,SpMV,CUSPARSE_SPMV_ALG_DEFAULT,False,True,True,0.08,0.07999913444268929,11091,46,6,ok,ok,179.43002306856215,179.41241455078125,0.0176085177809,184.17199701070786,184.13052368164062,21.289247991517186,161.36169523000717,1.4795804601162672,1.4795804601162672,4.741973942145705,178.01339481957257,177.9996795654297,1.416628248989582,1.4127349853515625,1.416628248989582,1.4127349853515625,15.91883799999968,158.72350399999988,4.787681068562591,13000,3000,0,179.43002306856215,179.41241455078125,21.289247991517186,161.36169523000717,1.4795804601162672,178.01339481957257,177.9996795654297,1.416628248989582,1.4127349853515625,15.91883799999968,158.72350399999988,4.787681068562591,0.1156204173313819,0.8763440846396523,0.008035498028965818,0.00789515725831609
3,20260810T162623Z,flybrain,138639,15091983,108.85813515677407,1000,100,42,separate_eager_cupti_phase_event_and_cudagraph_passes,pytorch_cuda_eager,cusparse_direct_eager,SpMV,CUSPARSE_SPMV_ALG_DEFAULT,False,True,True,0.08,0.07999913444268929,11091,46,7,ok,ok,178.8118090480566,178.79991149902344,0.011897549033164978,184.15179499424994,184.11683654785156,21.28108794800937,161.3685431778431,1.4672054219990969,1.4672054219990969,5.339985946193337,177.92167305015028,177.9028778076172,0.8901359979063272,0.89703369140625,0.8901359979063272,0.89703369140625,15.906122999998388,158.65394099999986,4.251745048058353,13000,3000,0,178.8118090480566,178.79991149902344,21.28108794800937,161.3685431778431,1.4672054219990969,177.92167305015028,177.9028778076172,0.8901359979063272,0.89703369140625,15.906122999998388,158.65394099999986,4.251745048058354,0.11558469256274921,0.8764464250172133,0.007968882420037526,0.004978060468406193
3,20260810T162623Z,flybrain,138639,15091983,108.85813515677407,1000,100,42,separate_eager_cupti_phase_event_and_cudagraph_passes,pytorch_cuda_eager,cusparse_direct_eager,SpMV,CUSPARSE_SPMV_ALG_DEFAULT,False,True,True,0.08,0.07999913444268929,11091,46,8,ok,ok,179.03860798105597,179.01983642578125,0.01877155527472496,184.24482503905892,184.21017456054688,21.29868797212839,161.4405751824379,1.470911405980587,1.470911405980587,5.206217058002949,177.80040996149182,177.78160095214844,1.2381980195641518,1.2382354736328125,1.2381980195641518,1.2382354736328125,15.928837000002408,158.68467799999982,4.425092981053751,13000,3000,0,179.03860798105597,179.01983642578125,21.29868797212839,161.4405751824379,1.470911405980587,177.80040996149182,177.78160095214844,1.2381980195641518,1.2382354736328125,15.928837000002408,158.68467799999982,4.4250929810537505,0.11562166977442313,0.8763933673455969,0.007984962879979914,0.006915815720010318
3,20260810T162623Z,flybrain,138639,15091983,108.85813515677407,1000,100,42,separate_eager_cupti_phase_event_and_cudagraph_passes,pytorch_cuda_eager,cusparse_direct_eager,SpMV,CUSPARSE_SPMV_ALG_DEFAULT,False,True,True,0.08,0.07999913444268929,11091,46,9,ok,ok,178.85855911299586,178.8456268310547,0.01293228194117546,184.28461393341422,184.24928283691406,21.27904001250863,161.49676732718945,1.4734754972159863,1.4734754972159863,5.426054820418358,178.14453109167516,178.12527465820312,0.7140280213207006,0.7203521728515625,0.7140280213207006,0.7203521728515625,15.90836500000013,158.63569300000032,4.31450111299543,13000,3000,0,178.85855911299586,178.8456268310547,21.27904001250863,161.49676732718945,1.4734754972159863,178.14453109167516,178.12527465820312,0.7140280213207006,0.7203521728515625,15.90836500000013,158.63569300000032,4.31450111299543,0.11549049030135713,0.8765123252617286,0.007997184436914278,0.003992137837080559
3,20260810T162623Z,flybrain,138639,15091983,108.85813515677407,1000,100,42,separate_eager_cupti_phase_event_and_cudagraph_passes,pytorch_cuda_eager,cusparse_direct_eager,SpMV,CUSPARSE_SPMV_ALG_DEFAULT,False,True,True,0.16,0.15999826888537858,22182,47,0,ok,ok,178.47345094196498,178.44866943359375,0.02478150837123394,183.92640794627368,183.8871307373047,20.972896069288254,161.40745532512665,1.5067793428897858,1.5067793428897858,5.452957004308701,175.97624799236655,175.96092224121094,2.4972029495984316,2.4877471923828125,2.4972029495984316,2.4877471923828125,15.930431000000901,158.71462099999965,3.828398941964423,13000,3000,0,178.47345094196498,178.44866943359375,20.972896069288254,161.40745532512665,1.5067793428897858,175.97624799236655,175.96092224121094,2.4972029495984316,2.4877471923828125,15.930431000000901,158.71462099999965,3.8283989419644233,0.11405309324908368,0.877752862192995,0.008194044557921363,0.013992013581955438
3,20260810T162623Z,flybrain,138639,15091983,108.85813515677407,1000,100,42,separate_eager_cupti_phase_event_and_cudagraph_passes,pytorch_cuda_eager,cusparse_direct_eager,SpMV,CUSPARSE_SPMV_ALG_DEFAULT,False,True,True,0.16,0.15999826888537858,22182,47,1,ok,ok,177.7271090541035,177.71539306640625,0.01171598769724369,183.99261799640954,183.95053100585938,20.976256063207984,161.47523142397404,1.4990435186773539,1.4990435186773539,6.265508942306042,179.06092200428247,179.0430450439453,-1.3338129501789808,-1.3276519775390625,0.0,0.0,15.93218999999929,158.75950599999956,3.0354130541046516,13000,3000,0,177.7271090541035,177.71539306640625,20.976256063207984,161.47523142397404,1.4990435186773539,179.06092200428247,179.0430450439453,0.0,0.0,15.93218999999929,158.75950599999956,3.0354130541046516,0.11403204953259867,0.8778187838926682,0.008149166574733099,0.0
3,20260810T162623Z,flybrain,138639,15091983,108.85813515677407,1000,100,42,separate_eager_cupti_phase_event_and_cudagraph_passes,pytorch_cuda_eager,cusparse_direct_eager,SpMV,CUSPARSE_SPMV_ALG_DEFAULT,False,True,True,0.16,0.15999826888537858,22182,47,2,ok,ok,178.30147221684456,178.2823944091797,0.019077807664871216,183.96363803185523,183.92247009277344,20.940736059099436,161.48284719884396,1.4988868348300457,1.4988868348300457,5.662165815010667,178.01244999282062,177.99853515625,0.2890222240239382,0.2838592529296875,0.2890222240239382,0.2838592529296875,15.940309000001113,158.72688499999967,3.634278216843768,13000,3000,0,178.30147221684456,178.2823944091797,20.940736059099436,161.48284719884396,1.4988868348300457,178.01244999282062,177.99853515625,0.2890222240239382,0.2838592529296875,15.940309000001113,158.72688499999967,3.634278216843768,0.11385632244138845,0.8779941195732606,0.00814955798535102,0.0016209749725029671
3,20260810T162623Z,flybrain,138639,15091983,108.85813515677407,1000,100,42,separate_eager_cupti_phase_event_and_cudagraph_passes,pytorch_cuda_eager,cusparse_direct_eager,SpMV,CUSPARSE_SPMV_ALG_DEFAULT,False,True,True,0.16,0.15999826888537858,22182,47,3,ok,ok,178.04179014638066,178.02943420410156,0.012355942279100418,183.98765893653035,183.94854736328125,21.004992108792067,161.4699834138155,1.473571840673685,1.473571840673685,5.945868790149689,178.41690499335527,178.39736938476562,-0.3751148469746113,-0.3679351806640625,0.0,0.0,15.937283999999032,158.7758549999997,3.3286511463819295,13000,3000,0,178.04179014638066,178.02943420410156,21.004992108792067,161.4699834138155,1.473571840673685,178.41690499335527,178.39736938476562,0.0,0.0,15.937283999999032,158.7758549999997,3.32865114638193,0.11418949706250826,0.8777997202387651,0.008010782698726715,0.0
3,20260810T162623Z,flybrain,138639,15091983,108.85813515677407,1000,100,42,separate_eager_cupti_phase_event_and_cudagraph_passes,pytorch_cuda_eager,cusparse_direct_eager,SpMV,CUSPARSE_SPMV_ALG_DEFAULT,False,True,True,0.16,0.15999826888537858,22182,47,4,ok,ok,178.53321507573128,178.51487731933594,0.018337756395339966,183.90114489011467,183.86341857910156,21.02416006475687,161.3558711707592,1.4833873435854912,1.4833873435854912,5.367929814383388,177.74267098866403,177.73008728027344,0.7905440870672464,0.7847900390625,0.7905440870672464,0.7847900390625,15.93732499999997,158.62917899999994,3.966711075731382,13000,3000,0,178.53321507573128,178.51487731933594,21.02416006475687,161.3558711707592,1.4833873435854912,177.74267098866403,177.73008728027344,0.7905440870672464,0.7847900390625,15.93732499999997,158.62917899999994,3.966711075731382,0.11434661787119918,0.8775855056852476,0.008067876443553178,0.004427994458800895
3,20260810T162623Z,flybrain,138639,15091983,108.85813515677407,1000,100,42,separate_eager_cupti_phase_event_and_cudagraph_passes,pytorch_cuda_eager,cusparse_direct_eager,SpMV,CUSPARSE_SPMV_ALG_DEFAULT,False,True,True,0.16,0.15999826888537858,22182,47,5,ok,ok,177.71212896332145,177.69981384277344,0.012315120548009872,184.04419999569654,184.0088653564453,21.001888066530228,161.52828745543957,1.4786898344755173,1.4786898344755173,6.332071032375097,178.28435986302793,178.2651824951172,-0.5722308997064829,-0.56536865234375,0.0,0.0,15.945331000000719,158.65527699999953,3.1115209633211975,13000,3000,0,177.71212896332145,177.69981384277344,21.001888066530228,161.52828745543957,1.4786898344755173,178.28435986302793,178.2651824951172,0.0,0.0,15.945331000000719,158.65527699999953,3.1115209633211975,0.11413519683330078,0.8778288325540272,0.00803597061267202,0.0
3,20260810T162623Z,flybrain,138639,15091983,108.85813515677407,1000,100,42,separate_eager_cupti_phase_event_and_cudagraph_passes,pytorch_cuda_eager,cusparse_direct_eager,SpMV,CUSPARSE_SPMV_ALG_DEFAULT,False,True,True,0.16,0.15999826888537858,22182,47,6,ok,ok,178.53610683232546,178.51795959472656,0.018147237598896027,184.07113407738507,184.0298309326172,21.006656102836132,161.54668729007244,1.4764875397086143,1.4764875397086143,5.535027245059609,177.94176493771374,177.92796325683594,0.5943418946117163,0.589996337890625,0.5943418946117163,0.589996337890625,15.938163999999604,158.63295199999973,3.964990832326123,13000,3000,0,178.53610683232546,178.51795959472656,21.006656102836132,161.54668729007244,1.4764875397086143,177.94176493771374,177.92796325683594,0.5943418946117163,0.589996337890625,15.938163999999604,158.63295199999973,3.964990832326123,0.1141481030351419,0.8778288089023079,0.00802308806255021,0.0033289730864911283
3,20260810T162623Z,flybrain,138639,15091983,108.85813515677407,1000,100,42,separate_eager_cupti_phase_event_and_cudagraph_passes,pytorch_cuda_eager,cusparse_direct_eager,SpMV,CUSPARSE_SPMV_ALG_DEFAULT,False,True,True,0.16,0.15999826888537858,22182,47,7,ok,ok,177.83716600388288,177.8249969482422,0.01216905564069748,183.96980315446854,183.9351043701172,20.99897608347237,161.47497528791428,1.4611529987305403,1.4611529987305403,6.132637150585651,178.29845217056572,178.28073120117188,-0.4612861666828394,-0.4557342529296875,0.0,0.0,15.927941999999945,158.67926500000007,3.2299590038828683,13000,3000,0,177.83716600388288,177.8249969482422,20.99897608347237,161.47497528791428,1.4611529987305403,178.29845217056572,178.28073120117188,0.0,0.0,15.927941999999945,158.67926500000007,3.2299590038828683,0.11416513533609056,0.877891014012158,0.007943850651751525,0.0
3,20260810T162623Z,flybrain,138639,15091983,108.85813515677407,1000,100,42,separate_eager_cupti_phase_event_and_cudagraph_passes,pytorch_cuda_eager,cusparse_direct_eager,SpMV,CUSPARSE_SPMV_ALG_DEFAULT,False,True,True,0.16,0.15999826888537858,22182,47,8,ok,ok,178.506663069129,178.48800659179688,0.018656477332115173,183.78550582565367,183.74896240234375,20.98195205256343,161.2606712281704,1.5063391216099262,1.5063391216099262,5.278842756524682,177.92964004911482,177.916259765625,0.5770230200141668,0.571746826171875,0.5770230200141668,0.571746826171875,15.936017999999759,158.64907299999985,3.9215720691293825,13000,3000,0,178.506663069129,178.48800659179688,20.98195205256343,161.2606712281704,1.5063391216099262,177.92964004911482,177.916259765625,0.5770230200141668,0.571746826171875,15.936017999999759,158.64907299999985,3.921572069129383,0.11418813896004781,0.8776140508215109,0.008197810218441334,0.00323250129767261
3,20260810T162623Z,flybrain,138639,15091983,108.85813515677407,1000,100,42,separate_eager_cupti_phase_event_and_cudagraph_passes,pytorch_cuda_eager,cusparse_direct_eager,SpMV,CUSPARSE_SPMV_ALG_DEFAULT,False,True,True,0.16,0.15999826888537858,22182,47,9,ok,ok,177.71507799625397,177.70220947265625,0.012868523597717285,183.84111300110817,183.80419921875,20.994304047897458,161.30851140618324,1.5013837646692991,1.5013837646692991,6.126035004854202,178.3812129870057,178.3613739013672,-0.6661349907517433,-0.6591644287109375,0.0,0.0,15.926750000000636,158.7190690000005,3.0692589962528416,13000,3000,0,177.71507799625397,177.70220947265625,20.994304047897458,161.30851140618324,1.5013837646692991,178.3812129870057,178.3613739013672,0.0,0.0,15.926750000000636,158.7190690000005,3.069258996252842,0.11422102507523024,0.8776105882880615,0.008168386636708254,0.0
