dataset,input_rate,pair_count,finite_lift_pairs,pearson_fanin_fanout,spearman_fanin_fanout,spearman_fanin_spike_jaccard,spearman_fanin_spike_cosine,spearman_fanin_lift,partial_fanin_spike_jaccard,partial_fanin_lift
uniform,0.001,100000,70477,0.0010507853409716347,0.0009976718469631716,-0.0011890864891380447,-0.0014064291015348344,-0.0014064291015348344,0.0006704206947923984,0.0016644264631910744
uniform,0.005,100000,99794,0.0010507853409716347,0.0009976718469631716,-0.0034018173218952055,-0.0033612799792498444,-0.0033529801594855703,-0.005322288010601801,-0.003384061109593639
uniform,0.01,100000,100000,0.0010507853409716347,0.0009976718469631716,0.003481166272185038,0.0034295184964562657,0.003446063599515823,0.0013661044149192076,0.001062391183994697
uniform,0.02,100000,100000,0.0010507853409716347,0.0009976718469631716,0.004079036409895172,0.0038620540201846506,0.0035486188606857817,0.004974714634785665,0.005196754941466086
uniform,0.05,100000,99950,0.0010507853409716347,0.0009976718469631716,0.006680343519427701,0.0049879467565055865,0.00037227810564100433,0.006788010310348981,-0.002109502634488422
uniform,0.1,100000,98798,0.0010507853409716347,0.0009976718469631716,0.009948707324824639,0.00954571941998199,0.009464995231495492,0.01121953640617308,7.744288884024934e-05
community,0.001,100000,70081,0.8722248145967003,0.7895441544541356,-0.0007208574425593526,-0.0008974804328909379,-0.0008969035697693583,-0.0055263521069605455,-0.00722809750791605
community,0.005,100000,99853,0.8722248145967003,0.7895441544541356,0.001038705020503108,0.0010739650568735945,0.0010877749059258416,0.0008064195062448779,0.0009254079392776291
community,0.01,100000,100000,0.8722248145967003,0.7895441544541356,0.011836991578485322,0.011812929264519111,0.011822777382917975,0.005968882487377553,0.006791505145508485
community,0.02,100000,100000,0.8722248145967003,0.7895441544541356,0.012233202049857138,0.011662442829810812,0.01011139235624742,0.0036257372147771335,0.0020047814687313334
community,0.05,100000,100000,0.8722248145967003,0.7895441544541356,0.03825703395507165,0.03292094328445594,0.03910346944207098,0.040904423295496456,0.015096396967605917
community,0.1,100000,99131,0.8722248145967003,0.7895441544541356,0.03207308232129507,0.0259656743503569,0.06130080708417221,0.05507144793552971,0.01171309567267361
spatial,0.001,100000,70989,0.8617852555968807,0.9308242003455335,-0.001584264590348007,-0.0019204159213608058,-0.0019204159213608058,-0.0013853231234915683,-0.0014383479400295435
spatial,0.005,100000,99817,0.8617852555968807,0.9308242003455335,0.0028661656951397786,0.002856157070166221,0.002859168440487683,-0.004622293811822,-0.0046119586455155735
spatial,0.01,100000,99979,0.8617852555968807,0.9308242003455335,-0.00010194231406815841,-0.0001682786994717571,-0.0002504363914512948,-0.0028840302747122726,-0.0044118739941657785
spatial,0.02,100000,100000,0.8617852555968807,0.9308242003455335,0.009869530304606147,0.00903065356508978,0.006744215740404333,0.005537015481590151,0.004799088707879068
spatial,0.05,100000,99717,0.8617852555968807,0.9308242003455335,0.04644102456428695,0.03617902335534077,0.0509078936459781,0.052449051468730794,0.011007335817967477
spatial,0.1,100000,98782,0.8617852555968807,0.9308242003455335,0.03514606258461312,0.023609031306792854,0.07783658882042593,0.05869843089711861,0.004268378910056043
flybrain,0.001,100000,18398,0.6199670441986153,0.8665716885181306,0.12075635900290883,0.33341502256194594,0.205763882116451,0.03751686303676082,0.041756031684387566
flybrain,0.005,100000,42238,0.6199670441986153,0.8665716885181306,0.06951845029983926,0.16543426596178537,0.10752975667887447,0.033616987635865216,0.007181150921014576
flybrain,0.01,100000,54626,0.6199670441986153,0.8665716885181306,0.047784818877097485,0.11571394176293523,0.07070415662248752,0.03286732611937393,0.010763259542490708
flybrain,0.02,100000,66150,0.6199670441986153,0.8665716885181306,0.03406756428628066,0.07097467650696869,0.029544447563289153,0.0313639899767625,0.006380622510566048
flybrain,0.05,100000,79002,0.6199670441986153,0.8665716885181306,-0.0015886853885110565,0.04010441594154396,-0.0034616080153782704,0.029581148518814084,0.012308779288591441
flybrain,0.1,100000,87224,0.6199670441986153,0.8665716885181306,-0.028187489081900077,0.020352468746886655,-0.014473671406395845,0.021844517173020727,0.007419762812312702
