dataset,input_rate,fanin_bin,pair_count,finite_lift_count,nonzero_joint_fraction,mean_joint_probability,mean_spike_jaccard,mean_spike_cosine,mean_lift,median_lift,lift_p25,lift_p75,mean_fanout_similarity,mean_aggregation_opportunity
uniform,0.005,"[0,.01)",2545,2545,1.0,0.9763767804518664,0.9968671632634061,0.9984303439313386,1.0209882922283682,1.0199203187250996,1.0199203187250996,1.024,0.011864754736844136,1.0769093811394892
uniform,0.005,"[.01,.05)",7340,7340,1.0,0.9762857629427792,0.9969781538332937,0.998485927461921,1.0211972876670432,1.024,1.0199203187250996,1.024,0.011794545463490395,1.069949548705722
uniform,0.005,"[.05,.1)",115,115,1.0,0.976664402173913,0.9972776823132304,0.9986356886699105,1.0211085818429957,1.024,1.0199203187250996,1.024,0.012096954460076536,1.0952445652173912
uniform,0.005,"[.1,.2)",0,0,,,,,,,,,,
uniform,0.005,"[.2,.4)",0,0,,,,,,,,,,
uniform,0.005,"[.4,.6)",0,0,,,,,,,,,,
uniform,0.005,"[.6,.8)",0,0,,,,,,,,,,
uniform,0.005,"[.8,1]",0,0,,,,,,,,,,
uniform,0.02,"[0,.01)",2545,2545,1.0,0.9841938850687623,0.9969600530522043,0.9984770134698537,1.0129734847849103,1.0158730158730158,1.0118577075098814,1.0158730158730158,0.011864754736844136,1.0855399680746562
uniform,0.02,"[.01,.05)",7340,7340,1.0,0.9841190182220708,0.9970541085854924,0.9985241586793759,1.0131461072866292,1.0158730158730158,1.0118577075098814,1.0158730158730158,0.011794545463490395,1.0784820972411444
uniform,0.02,"[.05,.1)",115,115,1.0,0.984273097826087,0.9976321985133737,0.9988143588250169,1.0135748594540428,1.0158730158730158,1.0118577075098814,1.0158730158730158,0.012096954460076536,1.1041779891304349
uniform,0.02,"[.1,.2)",0,0,,,,,,,,,,
uniform,0.02,"[.2,.4)",0,0,,,,,,,,,,
uniform,0.02,"[.4,.6)",0,0,,,,,,,,,,
uniform,0.02,"[.6,.8)",0,0,,,,,,,,,,
uniform,0.02,"[.8,1]",0,0,,,,,,,,,,
community,0.005,"[0,.01)",3394,3394,1.0,0.9762621077637006,0.9964608765226086,0.9982268544660506,1.020692496014135,1.0199203187250996,1.0199203187250996,1.024,0.00365012295151595,0.31443355922215677
community,0.005,"[.01,.05)",3222,3222,1.0,0.9762751687616388,0.9966494428248197,0.9983214724240717,1.0208723585317059,1.0199203187250996,1.0199203187250996,1.024,0.01911576856969097,1.5665614331160769
community,0.005,"[.05,.1)",2647,2647,1.0,0.9765639757272384,0.9969706543312576,0.998482336898654,1.0209012245026643,1.0199203187250996,1.0199203187250996,1.024,0.06812434564515384,5.531434465904798
community,0.005,"[.1,.2)",737,737,1.0,0.9767480071234735,0.9970703718926676,0.9985322622184241,1.0208109248544694,1.0199203187250996,1.0199203187250996,1.024,0.06733983962959939,5.472046726594301
community,0.005,"[.2,.4)",0,0,,,,,,,,,,
community,0.005,"[.4,.6)",0,0,,,,,,,,,,
community,0.005,"[.6,.8)",0,0,,,,,,,,,,
community,0.005,"[.8,1]",0,0,,,,,,,,,,
community,0.02,"[0,.01)",3394,3394,1.0,0.9845959781968179,0.996637864996403,0.998315690809022,1.0122328945782388,1.0118577075098814,1.0118577075098814,1.0158730158730158,0.00365012295151595,0.3170634299499116
community,0.02,"[.01,.05)",3222,3222,1.0,0.9846101994103041,0.9968136882690666,0.9984038493828228,1.0123969078321768,1.0118577075098814,1.0118577075098814,1.0158730158730158,0.01911576856969097,1.5798247400682806
community,0.02,"[.05,.1)",2647,2647,1.0,0.9847055629013978,0.996947833997214,0.9984711045458319,1.0124356395389127,1.0118577075098814,1.0118577075098814,1.0158730158730158,0.06812434564515384,5.577452068379297
community,0.02,"[.1,.2)",737,737,1.0,0.9847778154681139,0.9967738373155604,0.9983836663238649,1.0121851437673415,1.0118577075098814,1.0118577075098814,1.0158730158730158,0.06733983962959939,5.517077255766622
community,0.02,"[.2,.4)",0,0,,,,,,,,,,
community,0.02,"[.4,.6)",0,0,,,,,,,,,,
community,0.02,"[.6,.8)",0,0,,,,,,,,,,
community,0.02,"[.8,1]",0,0,,,,,,,,,,
spatial,0.005,"[0,.01)",4567,4567,1.0,0.9748758074228159,0.9936692041481162,0.9968256501010616,1.0192864399447135,1.0199203187250996,1.0158730158730158,1.0199203187250996,0.0003190684347840841,0.0211435296693672
spatial,0.005,"[.01,.05)",667,667,1.0,0.9756664636431784,0.9952420438944463,0.9976159604918039,1.0200786268331856,1.0199203187250996,1.0158730158730158,1.0199203187250996,0.030347044322974918,1.9384428879310345
spatial,0.005,"[.05,.1)",684,684,1.0,0.9753974780701754,0.9956477800044812,0.9978192565897774,1.0207856478067876,1.0199203187250996,1.0158730158730158,1.024,0.07724583688248293,4.752946820175438
spatial,0.005,"[.1,.2)",1650,1650,1.0,0.976188446969697,0.9965388404234738,0.9982661923187183,1.0208714962933532,1.0199203187250996,1.0158730158730158,1.024,0.15846497852716604,9.063517992424243
spatial,0.005,"[.2,.4)",2407,2407,1.0,0.9765397798088907,0.9971688711329224,0.9985817391072496,1.0211511972016725,1.0199203187250996,1.0158730158730158,1.024,0.23942696620599319,12.977633594723722
spatial,0.005,"[.4,.6)",25,25,1.0,0.97796875,0.9976227471570778,0.9988089374629393,1.0201244188164145,1.0199203187250996,1.0158730158730158,1.024,0.28323003690739496,14.9475
spatial,0.005,"[.6,.8)",0,0,,,,,,,,,,
spatial,0.005,"[.8,1]",0,0,,,,,,,,,,
spatial,0.02,"[0,.01)",4567,4567,1.0,0.9842304507882637,0.9961298346656171,0.9980611115081393,1.0120936418183442,1.0118577075098814,1.0118577075098814,1.0158730158730158,0.0003190684347840841,0.021330844920078827
spatial,0.02,"[.01,.05)",667,667,1.0,0.9844511338080959,0.9966013134464643,0.9982975542218098,1.0123462039638174,1.0118577075098814,1.0118577075098814,1.0158730158730158,0.030347044322974918,1.95563155922039
spatial,0.02,"[.05,.1)",684,684,1.0,0.98433502375731,0.9963700611952789,0.9981816477166102,1.0122313020927982,1.0118577075098814,1.0118577075098814,1.0158730158730158,0.07724583688248293,4.796372441520468
spatial,0.02,"[.1,.2)",1650,1650,1.0,0.9844460227272728,0.996692801905501,0.998343244069239,1.0124449230012118,1.0118577075098814,1.0118577075098814,1.0158730158730158,0.15846497852716604,9.13915009469697
spatial,0.02,"[.2,.4)",2407,2407,1.0,0.9846671167428334,0.9969093531936175,0.9984516875022721,1.0124384612654815,1.0118577075098814,1.0118577075098814,1.0158730158730158,0.23942696620599319,13.085072509867054
spatial,0.02,"[.4,.6)",25,25,1.0,0.9853125,0.9968478208971335,0.9984212737269905,1.011712182106044,1.0118577075098814,1.0118577075098814,1.0118577075098814,0.28323003690739496,15.05515625
spatial,0.02,"[.6,.8)",0,0,,,,,,,,,,
spatial,0.02,"[.8,1]",0,0,,,,,,,,,,
