control_input_rate,method,median_ms,p25_ms,p75_ms,time_per_step_us,median_speedup,speedup_p25,speedup_p75,physical_reorder_ms,posterior_population_hz,total_spikes,active_block_tasks,edges_processed,spike_mismatches_vs_dominant,spike_mismatch_rate_vs_dominant,order_preprocess_ms,active_block_task_reduction
0.0005,dominant,8.556416034698486,8.480672359466553,8.615167617797852,16.71175006777048,0.0,0.0,0.0,37.91476599872112,0.4969347099301062,35274,35012,3950595,0,0.0,13335.297197976615,0.0
0.0005,union_w128,8.55735969543457,8.52505612373352,8.627064228057861,16.713593155145645,-0.0001102747540911,-0.0087679032214694,0.0066359586402618,16.2788619636558,0.4969347099301062,35274,34996,3950595,0,0.0,15293.883014994208,0.0004569861761681837
0.0005,normalized_union_a0.5_w128,8.578559875488281,8.530175685882568,8.657615661621094,16.75499975681305,-0.0025813004876339,-0.0111296058263343,0.0010703969875809,17.28591200662777,0.4969347099301062,35274,34977,3950595,0,0.0,15461.812100955283,0.000999657260367881
0.0005,weighted_union_log_w128,8.530943870544434,8.510976314544678,8.634624004364014,16.661999747157097,0.0029858553215902,-0.0075491835571175,0.0036723383019827,16.474773990921676,0.4969347099301062,35274,35003,3950595,0,0.0,15335.97886096686,0.0002570547240945409
0.001,dominant,9.22009563446045,9.201640129089355,9.301056385040283,18.007999286055565,0.0,0.0,0.0,21.46281400928273,1.0028856418468106,71188,70124,8522385,0,0.0,13335.297197976615,0.0
0.001,union_w128,9.235455989837646,9.215488195419312,9.292256355285645,18.037999980151653,-0.0016631940419724,-0.0062218713535074,0.0043677801573677,15.29908401425928,1.0028856418468106,71188,70109,8522385,0,0.0,15293.883014994208,0.000213906793679719
0.001,normalized_union_a0.5_w128,9.28985595703125,9.277696132659912,9.32811999320984,18.14424991607666,-0.0075093007785552,-0.0111360497355134,-0.0028669632962878,15.235751983709632,1.0028856418468106,71188,70113,8522385,0,0.0,15461.812100955283,0.00015686498203182353
0.001,weighted_union_log_w128,9.271103858947754,9.230503797531128,9.307095766067505,18.10762472450733,-0.0055018501856254,-0.0089274057671342,0.0028448443736727,15.377270989120008,1.0028856418468106,71188,70121,8522385,0,0.0,15335.97886096686,4.278135873592159e-05
0.002,dominant,10.226128101348875,10.17969560623169,10.264535903930664,19.972906447947025,0.0,0.0,0.0,25.08487901650369,1.986964008143452,141041,136828,17509478,0,0.0,13335.297197976615,0.0
0.002,union_w128,10.247680187225342,10.200655937194824,10.293472290039062,20.015000365674496,-0.0021031185090391,-0.0093973897105356,0.0023561094019277,15.082191035617145,1.986964008143452,141041,136873,17509478,0,0.0,15293.883014994208,-0.0003288800537901704
0.002,normalized_union_a0.5_w128,10.205679893493652,10.15833592414856,10.261504411697388,19.93296854197979,0.002003610545169,-0.0052184340567755,0.0083372273297698,15.150940977036951,1.986964008143452,141041,136858,17509478,0,0.0,15461.812100955283,-0.0002192533691933729
0.002,weighted_union_log_w128,10.172240257263184,10.136272192001345,10.214096307754517,19.867656752467155,0.0052975394527488,-0.0018309689520823,0.0076718969678489,16.002563992515206,1.986964008143452,141041,136876,17509478,0,0.0,15335.97886096686,-0.0003508053907095299
0.005,dominant,12.00216007232666,11.9830961227417,12.0655357837677,23.441718891263008,0.0,0.0,0.0,24.18294601375237,4.751168615072238,337253,313426,42646655,0,0.0,13335.297197976615,0.0
0.005,union_w128,11.96953582763672,11.960320472717283,11.992576122283936,23.377999663352966,0.0027256065030201,0.0002796447384382,0.0069146471674136,16.48981001926586,4.751168615072238,337253,313247,42646655,0,0.0,15293.883014994208,0.0005711076936820714
0.005,normalized_union_a0.5_w128,11.991552352905272,11.968807697296144,12.061184167861938,23.421000689268112,0.0008845993503767,-0.0012894357566612,0.0054653565567669,16.374744998756796,4.751168615072238,337253,313160,42646655,0,0.0,15461.812100955283,0.0008486851760862724
0.005,weighted_union_log_w128,11.98582363128662,11.969583749771118,12.08186411857605,23.40981177985668,0.001362980262566,-0.002095691157738,0.0043700165337656,16.34491898585111,4.751168615072238,337253,313213,42646655,0,0.0,15335.97886096686,0.0006795862500239558
0.01,dominant,19.13900756835937,18.891520500183105,19.247280597686768,37.380874156951904,0.0,0.0,0.0,24.62193899555132,12.63386835594602,896792,670969,187625702,0,0.0,13335.297197976615,0.0
0.01,union_w128,19.248496055603027,19.1211519241333,19.79417657852173,37.59471885859966,-0.0056881580216645,-0.0314285053069735,0.0039667124553617,15.353051014244556,12.63386835594602,896792,655100,187625702,0,0.0,15293.883014994208,0.02365086911615888
0.01,normalized_union_a0.5_w128,19.369983673095703,19.08172845840454,20.109303951263428,37.831999361515045,-0.0119244346631613,-0.050418317689266,0.0006175035122045,15.346157946623862,12.63386835594602,896792,654613,187626204,1106,1.5581158620590165e-05,15461.812100955283,0.024376685062946324
0.01,weighted_union_log_w128,19.68883228302002,19.39071989059448,19.886776447296143,38.45475055277348,-0.027925714778668,-0.0439520447596434,-0.0133272563390995,15.34047198947519,12.63386835594602,896792,654989,187625702,0,0.0,15335.97886096686,0.023816301498280845
0.02,dominant,23.67118453979492,23.52081632614136,23.826432704925537,46.23278230428696,0.0,0.0,0.0,24.144914001226425,21.804803076695592,1547774,1064348,277501682,0,0.0,13335.297197976615,0.0
0.02,union_w128,23.955967903137207,23.71507167816162,24.08729600906372,46.78899981081486,-0.0118877836409604,-0.0201441120404059,0.0016086986639647,15.191598038654774,21.804803076695592,1547774,1049370,277501682,0,0.0,15293.883014994208,0.014072465020839031
0.02,normalized_union_a0.5_w128,23.985952377319336,23.852559566497803,24.181408405303955,46.84756323695183,-0.0131230076910373,-0.0289273303339507,0.0004110013130619,15.20383299794048,21.804803076695592,1547774,1049386,277501682,0,0.0,15461.812100955283,0.01405743234355683
0.02,weighted_union_log_w128,23.73723125457764,23.631423473358154,24.02121639251709,46.36177979409695,-0.0027824102177033,-0.0152934127002256,0.0055815675464847,15.295643999706954,21.804803076695592,1547774,1049079,277501682,0,0.0,15335.97886096686,0.014345871838909785
0.05,dominant,38.062591552734375,37.90028762817383,38.138625144958496,74.34099912643433,0.0,0.0,0.0,25.295507977716625,50.102962437517576,3556467,1759378,533322292,0,0.0,13335.297197976615,0.0
0.05,union_w128,38.2689266204834,38.0874252319336,38.9171199798584,74.74399730563164,-0.0053917129632421,-0.0200821926752741,0.0003155877858322,15.530298987869172,50.102962437517576,3556467,1751784,533322292,2,2.8175693708119648e-08,15293.883014994208,0.004316298146276654
0.05,normalized_union_a0.5_w128,38.25505638122559,38.064127922058105,39.28312873840332,74.71690699458122,-0.0050310951465666,-0.0280568973633269,-0.0017015151295918,15.911892987787724,50.102962437517576,3556467,1751432,533322292,2,2.8175693708119648e-08,15461.812100955283,0.0045163688530832635
0.05,weighted_union_log_w128,38.58676719665527,38.20236778259277,39.23353576660156,75.36477968096733,-0.0135843368595629,-0.0303350463677475,-0.0033756045375951,16.21367601910606,50.102962437517576,3556467,1751539,533322292,2,2.8175693708119648e-08,15335.97886096686,0.004455551905275579
