method,family,median_atomic_reduction,min_atomic_reduction,median_ci95_low,max_load_cv_ratio,preprocess_ms,temporary_memory_mb,passes_atomic,passes_load,phase1_pass,incremental_preprocess_ms,total_preprocess_ms,selected_for_phase2,selection_reason
sketch_local_union_w256,sketch_local_union,0.030134042837129504,-0.0027810086944211054,0.003477385280729918,1.2709264180991386,3548.771052970551,116.74053382873535,True,False,False,3548.771052970551,3548.771052970551,False,not_selected
union_w128,union,0.01706391408355079,-0.004954027517751092,-0.006736981493800094,1.0407464091549474,1958.5858170175925,116.21144104003906,True,True,True,1958.5858170175925,15293.883014994208,True,threshold_pass
normalized_union_a0.5_w128,normalized_union,0.016525011827046576,-0.010682526208344534,-0.009328309111945873,1.019530722307626,2126.51490297867,116.2115535736084,True,True,True,2126.51490297867,15461.812100955285,True,threshold_pass
union_w128_contention_seed,union,0.016416538030503802,-0.006835669787296661,-0.009701362827515034,1.0404574514026061,2080.867483979091,116.21203708648682,True,True,True,2080.867483979091,15416.164681955706,False,not_selected
weighted_union_log_w128,weighted_union,0.013702820800201354,-0.011480037285164668,-0.009417369373388284,1.0417739187865733,2000.681662990246,116.21132850646973,True,True,True,2000.681662990246,15335.978860966861,True,threshold_pass
weighted_union_sqrt_w128,weighted_union,0.013440070590282738,-0.006517230404409435,-0.006920255404537598,1.0409509875855865,1992.180761997588,116.21149730682373,True,True,True,1992.180761997588,15327.477959974203,False,not_selected
union_w128_first,union,0.011791520078536899,-0.0003828630668303301,-0.008750782989798797,1.0361617596903667,2008.7821640190668,116.2113847732544,True,True,True,2008.7821640190668,15344.079361995682,False,not_selected
dominant,dominant,0.0,0.0,0.0,1.0,13335.297197976615,4.372039794921875,False,True,False,13335.297197976615,13335.297197976615,False,not_selected
sketch128,sketch,-0.002238957744165493,-0.10434657804094494,-0.02735529287457871,1.1334164741840391,35.9464010107331,6.368019104003906,False,True,False,35.9464010107331,35.9464010107331,False,not_selected
top4,topk,-0.0033631223940771005,-0.008695526921128849,-0.02401517679788089,0.5380970407302853,4358.716880029533,14.319995880126953,False,True,False,4358.716880029533,4358.716880029533,False,not_selected
identity,identity,-0.003919680557806782,-0.17282674035805945,-0.028216885142702892,0.2600499504148363,0.08348497794941068,0.529815673828125,False,True,False,0.08348497794941068,0.08348497794941068,False,not_selected
