dataset,method,family,complexity,preprocess_ms,temporary_memory_mb,retained_order_mb,load_mean,load_std,load_cv,load_p95,load_p99,load_max,order_fingerprint
uniform,identity,identity,O(N),0.016578997019678354,0.032352447509765625,0.03125,2039.71875,2.7738666041286124,0.0013599260212363163,2044.0,2045.45,2046.0,8af22fa1ab66a49def79c80df3436ed031f05fee
uniform,dominant,dominant,O(E),941.9756950228475,0.26105594635009766,0.03125,2039.71875,2.995928226359904,0.001468794767102035,2044.0,2045.0,2047.0,d1ef89093839a053aa45f86ffa1801952dac4802
uniform,top4,topk,O(4E),263.72151798568666,0.8741521835327148,0.03125,2039.71875,2.926008106191779,0.0014345154723864645,2045.0,2046.0,2047.0,81ccbb4d0c4d60ee8ed74877c8b42129b0b10478
uniform,sketch128,sketch,O(E),1.6065509989857674,0.3865470886230469,0.03125,2039.71875,2.629274793075079,0.001289037909307388,2044.0,2044.45,2045.0,c5eff72b81e37598bef5a7ecdaf368643dfac18d
uniform,sketch_local_union_w256,sketch_local_union,O(E + N*W*B*d),168.37521095294505,4.078899383544922,0.03125,2039.71875,3.960621597363222,0.0019417488795272495,2045.0,2046.0,2046.0,b192a68ecb5c2d15c1c07bfb260e76b69754f24b
uniform,union_w128_first,union,O(N*W*B*d),78.99100898066536,4.047412872314453,0.03125,2039.71875,3.5891274618631197,0.0017596188012995026,2045.0,2046.0,2048.0,a99c89cd3209c647ef33769748e57e10a6442f36
uniform,union_w128,union,O(N*W*B*d),78.8877530139871,4.047260284423828,0.03125,2039.71875,3.666651870235297,0.001797626202257197,2045.0,2046.0,2048.0,b67bc62b0fcfc963ca542985b7ee01359330c536
uniform,union_w128_contention_seed,union,O(N*W*B*d),73.78308504121378,4.047260284423828,0.03125,2039.71875,3.094696824811762,0.0015172174226528838,2044.25,2046.0,2046.0,df340c075928fdc8916c347aab5e3d68fc87c943
uniform,normalized_union_a0.5_w128,normalized_union,O(N*W*B*d),83.49070599069819,4.047260284423828,0.03125,2039.71875,2.984170477285103,0.0014630303698905073,2044.0,2045.45,2047.0,2cb88b33ec1dab48ff8044933b33832053e0591a
uniform,weighted_union_log_w128,weighted_union,O(N*W*B*d),74.24585695844144,4.047260284423828,0.03125,2039.71875,3.0718924846908298,0.001506037283174864,2044.0,2046.0,2046.0,bc7126f7e3e71ba2214167e7584798da4eef6c67
uniform,weighted_union_sqrt_w128,weighted_union,O(N*W*B*d),81.16644801339135,4.047412872314453,0.03125,2039.71875,3.042504878796417,0.0014916296076586133,2044.0,2045.45,2046.0,5affb7394f371a499fe027e5ffde4c9ac583c4db
community,identity,identity,O(N),0.01763401087373495,0.032199859619140625,0.03125,1875.08984375,11.038450835628428,0.0058868916987745955,1893.0,1898.0,1905.0,8af22fa1ab66a49def79c80df3436ed031f05fee
community,dominant,dominant,O(E),875.9370190091431,0.2606925964355469,0.03125,1875.08984375,11.487243875298633,0.006126236517992783,1893.0,1899.45,1907.0,cc421d5e0ff9d15d4146fff72578cdc824cb03aa
community,top4,topk,O(4E),259.95317299384624,0.8752145767211914,0.03125,1875.08984375,11.608680344922327,0.006190999531897671,1895.0,1899.9,1910.0,a7c1094e5ffa06457714360f3cbc6fd075778149
community,sketch128,sketch,O(E),1.561044016852975,0.3865470886230469,0.03125,1875.08984375,12.0961211489711,0.006450955504499996,1895.25,1902.0,1906.0,e5aaee8478e65e0f37eee3146397e8bb5b130dc4
community,sketch_local_union_w256,sketch_local_union,O(E + N*W*B*d),124.22368698753417,3.7572364807128906,0.03125,1875.08984375,16.95961812219208,0.009044696273472671,1902.0,1912.9,1919.0,cf7b671de38a68fa2e6542bb41cbd7b5ef4c34c1
community,union_w128_first,union,O(N*W*B*d),128.6884339642711,3.725719451904297,0.03125,1875.08984375,53.618550515195636,0.02859519008857926,1949.25,1958.45,1963.0,01375d41b189a457c79c70316b8b2aae3c18250c
community,union_w128,union,O(N*W*B*d),114.76608301745728,3.725719451904297,0.03125,1875.08984375,54.27580512392779,0.0289457090842012,1951.25,1958.35,1961.0,985e5fedd5cef44cc2645036f110d0c488f7ee33
community,union_w128_contention_seed,union,O(N*W*B*d),127.78368801809847,3.725719451904297,0.03125,1875.08984375,50.78458387493774,0.027083813633896836,1945.25,1951.45,1953.0,1de04e70f58e73bcf0d7755be7f59284f8c3fb84
community,normalized_union_a0.5_w128,normalized_union,O(N*W*B*d),124.03462897054851,3.725719451904297,0.03125,1875.08984375,41.203142590712496,0.021973956462966147,1930.0,1937.35,1950.0,c0dd3b2bfb72ea0f3d683b789c87b3fd4c4607e6
community,weighted_union_log_w128,weighted_union,O(N*W*B*d),140.31747198896483,3.725872039794922,0.03125,1875.08984375,50.52230840777751,0.026943940087018836,1945.0,1951.45,1954.0,5bc2ede6129ab23464f75ba584897b9ac66ba8e7
community,weighted_union_sqrt_w128,weighted_union,O(N*W*B*d),142.5233039772138,3.725719451904297,0.03125,1875.08984375,50.81887773604004,0.027102102816794715,1945.0,1951.0,1954.0,350f074f05ce539fcca7c2cea638ed284d35a69b
spatial,identity,identity,O(N),0.017800950445234776,0.032474517822265625,0.03125,1821.6484375,13.163686938262918,0.007226249954315303,1844.0,1850.9,1863.0,8af22fa1ab66a49def79c80df3436ed031f05fee
spatial,dominant,dominant,O(E),890.9043329767883,0.26097679138183594,0.03125,1821.6484375,13.219061665208834,0.00725664809580407,1843.5,1851.9,1862.0,31d4ad1824982c1f3030d5081d91d41188a3cf57
spatial,top4,topk,O(4E),278.1578699941747,0.8754205703735352,0.03125,1821.6484375,13.82597749920756,0.007589816571951777,1845.25,1851.9,1855.0,4a65c042c6242e90474193a680da762bb5414863
spatial,sketch128,sketch,O(E),1.674268045462668,0.3866996765136719,0.03125,1821.6484375,13.689691516195452,0.007515001925938551,1844.0,1849.45,1858.0,7c09a3105a0c9c14d7bab7d87ca57687ac02b39c
spatial,sketch_local_union_w256,sketch_local_union,O(E + N*W*B*d),120.32701703719795,3.6527061462402344,0.03125,1821.6484375,15.441467022553063,0.008476644946784944,1845.25,1853.0,1859.0,665ae2049375bacafa000a0cc1fc2c8dfa760ea0
spatial,union_w128_first,union,O(N*W*B*d),129.56598500022665,3.6213417053222656,0.03125,1821.6484375,45.435065244903015,0.02494173096717682,1887.25,1893.9,1897.0,ae7300c3acfeee543ce22ab372b42b41b5e1c8d8
spatial,union_w128,union,O(N*W*B*d),125.53626700537279,3.6213417053222656,0.03125,1821.6484375,48.98279191520828,0.026889267383794126,1889.25,1900.0,1907.0,5a9cd8fc2041ba9b1eeedd15e77d6633a33d3051
spatial,union_w128_contention_seed,union,O(N*W*B*d),118.69442998431623,3.6213417053222656,0.03125,1821.6484375,44.29192749597373,0.02431420167810164,1884.0,1893.0,1899.0,eb6f08f4e2f369df757728b91ce76463497d49d2
spatial,normalized_union_a0.5_w128,normalized_union,O(N*W*B*d),132.02214700868353,3.6214942932128906,0.03125,1821.6484375,26.348354385209596,0.014464017229015736,1859.0,1875.35,1884.0,5603ef56f0211bb6050c472311538317592832bb
spatial,weighted_union_log_w128,weighted_union,O(N*W*B*d),127.6815989986062,3.6216163635253906,0.03125,1821.6484375,44.38883408368138,0.024367398873407144,1885.0,1893.0,1899.0,f4d96618153ac2d111895bb60322b352df9ff744
spatial,weighted_union_sqrt_w128,weighted_union,O(N*W*B*d),113.85237803915516,3.6213417053222656,0.03125,1821.6484375,43.87483793484135,0.02408523896908146,1883.0,1894.0,1901.0,8f88e7a147f45be942b329b38bfbc0254063b67c
flybrain,identity,identity,O(N),0.08348497794941068,0.529815673828125,0.5288658142089844,3483.0332333256406,951.9526796395306,0.27331139724170683,5063.199999999997,7117.68,13096.0,ea5c250141a8029ec0eef9449286af50ade1062f
flybrain,dominant,dominant,O(E),13335.297197976615,4.372039794921875,0.5288658142089844,3483.0332333256406,3660.653186516509,1.050995767565868,12776.599999999995,18498.440000000024,39930.0,9ddaa613be256dd3d9ea1c78d5f2d14a63039eb2
flybrain,top4,topk,O(4E),4358.716880029533,14.319995880126953,0.5288658142089844,3483.0332333256406,1969.7866468044224,0.5655377123472484,6817.4,9702.120000000068,43464.0,8e33b3d19e7e74d620e9d802de9d1f7d6c1914bc
flybrain,sketch128,sketch,O(E),35.9464010107331,6.368019104003906,0.5288658142089844,3483.0332333256406,4149.044627872109,1.1912159172568542,8404.199999999993,17682.680000000008,58571.0,164143ace5a6745596b07f237a602d83a74cf29b
flybrain,sketch_local_union_w256,sketch_local_union,O(E + N*W*B*d),3548.771052970551,116.74053382873535,0.5288658142089844,3483.0332333256406,4652.420842242625,1.3357382863098437,8726.999999999998,17989.560000000027,134952.0,c6ca2cf52d84e9b9939b137fa73b38117f3a6eae
flybrain,union_w128_first,union,O(N*W*B*d),2008.7821640190668,116.2113847732544,0.5288658142089844,3483.0332333256406,3793.0288473570936,1.0890016239481775,11657.799999999994,19075.800000000076,45444.0,353c605b53d13df4dfdc413ff8a3d7f81c12e7e2
flybrain,union_w128,union,O(N*W*B*d),1958.5858170175925,116.21144104003906,0.5288658142089844,3483.0332333256406,3809.8116590286727,1.093820071131225,11370.199999999997,19572.840000000062,42950.0,db1d92b71c48709b5cb2149a0f0148b12a11c98d
flybrain,union_w128_contention_seed,union,O(N*W*B*d),2080.867483979091,116.21203708648682,0.5288658142089844,3483.0332333256406,3808.7538849117955,1.093516377756509,11379.79999999999,19971.080000000053,45741.0,decef76f8e44673a1520ab913f9e66932fb6564e
flybrain,normalized_union_a0.5_w128,normalized_union,O(N*W*B*d),2126.51490297867,116.2115535736084,0.5288658142089844,3483.0332333256406,3732.148387366889,1.0715224740486873,12157.799999999988,18634.520000000026,39361.0,5e01ae241ac42eabe30b5272ec8055b263e0728d
flybrain,weighted_union_log_w128,weighted_union,O(N*W*B*d),2000.681662990246,116.21132850646973,0.5288658142089844,3483.0332333256406,3813.5730154358603,1.094899979405197,11319.199999999993,19971.080000000053,45741.0,a771dd966dbe5a797678f78d3d4fd0c2ecedb6f6
flybrain,weighted_union_sqrt_w128,weighted_union,O(N*W*B*d),1992.180761997588,116.21149730682373,0.5288658142089844,3483.0332333256406,3810.560549712684,1.094035082195962,11399.4,19912.440000000053,45512.0,471338cfbe084d3d9ae0e76276dfbf4eb6cb29ff
