dataset,input_rate,layout,timesteps,total_spikes,actual_firing_rate,active_block_tasks,active_blocks_per_step,mean_active_occupancy,median_active_occupancy,p90_active_occupancy,block_compression,sampled_active_tasks,sampled_raw_edges,sampled_unique_destinations,weighted_aggregation_ratio,sampled_unique_post_blocks,post_block_reuse,static_potential_aggregation_ratio,realized_to_potential
uniform,0.005,identity,256,1831,0.0034923553466796875,1729,6.75390625,1.0589936379410063,1.0,1.0,1.0589936379410063,1729,86902,86778,0.0014268946629536483,60366,1.4395851969651792,0.28913296105472086,0.004935081277999282
uniform,0.005,random,256,1831,0.0034923553466796875,1727,6.74609375,1.0602200347423278,1.0,1.0,1.0602200347423278,1727,86902,86789,0.001300315297691701,60277,1.4417107686182127,0.28737440738798214,0.00452481245463224
uniform,0.005,fanout,256,1831,0.0034923553466796875,1716,6.703125,1.067016317016317,1.0,1.0,1.067016317016317,1716,86902,86751,0.0017375894685968118,60119,1.4454997588116902,0.3032836619052026,0.005729255106198006
uniform,0.005,fanin,256,1831,0.0034923553466796875,1744,6.8125,1.0498853211009174,1.0,1.0,1.0498853211009174,1744,86902,86801,0.0011622287174057888,60668,1.4324190677127975,0.2900070959183044,0.004007587172050407
uniform,0.005,fanin_fanout,256,1831,0.0034923553466796875,1743,6.80859375,1.0504876649454962,1.0,1.0,1.0504876649454962,1743,86902,86800,0.0011737359324296426,60647,1.4329150658730028,0.28978084924772984,0.004050426159895167
uniform,0.02,identity,256,18973,0.03618812561035156,10823,42.27734375,1.7530259632264622,1.0,3.0,1.7530259632264622,2000,166977,164459,0.015079921186750278,86847,1.9226570866005734,0.28913296105472086,0.05215566268107452
uniform,0.02,random,256,18973,0.03618812561035156,10879,42.49609375,1.7440022060851181,1.0,3.0,1.7440022060851181,2000,165019,162723,0.013913549348862908,86560,1.9064117375231053,0.28737440738798214,0.04841610453528774
uniform,0.02,fanout,256,18973,0.03618812561035156,10851,42.38671875,1.7485024421712285,1.0,3.0,1.7485024421712285,2000,162791,160250,0.015608971011910944,86048,1.8918626812941615,0.3032836619052026,0.05146657394551587
uniform,0.02,fanin,256,18973,0.03618812561035156,10815,42.24609375,1.754322699953768,1.0,3.0,1.754322699953768,2000,168792,166194,0.015391724726290357,87335,1.932695940917158,0.2900070959183044,0.053073614207792476
uniform,0.02,fanin_fanout,256,18973,0.03618812561035156,10813,42.23828125,1.754647183945251,1.0,3.0,1.754647183945251,2000,164834,162403,0.014748170887074252,86802,1.8989654616253082,0.28978084924772984,0.05089422204869803
community,0.005,identity,256,1851,0.0035305023193359375,1750,6.8359375,1.0577142857142856,1.0,1.0,1.0577142857142856,1750,82875,82267,0.007336349924585206,26154,3.168731360403762,0.6753677232235342,0.010862748799378158
community,0.005,random,256,1851,0.0035305023193359375,1756,6.859375,1.0541002277904328,1.0,1.0,1.0541002277904328,1756,82875,82770,0.001266968325791873,26710,3.102770497940846,0.27308015221397186,0.004639547457111201
community,0.005,fanout,256,1851,0.0035305023193359375,1741,6.80078125,1.0631820792647904,1.0,1.0,1.0631820792647904,1741,82875,82203,0.008108597285067853,26085,3.1771132834962623,0.674964290776662,0.012013372256682682
community,0.005,fanin,256,1851,0.0035305023193359375,1747,6.82421875,1.0595306239267315,1.0,1.0,1.0595306239267315,1747,82875,82267,0.007336349924585206,26121,3.1727345813713104,0.6759129022057941,0.010853987104911809
community,0.005,fanin_fanout,256,1851,0.0035305023193359375,1737,6.78515625,1.0656303972366148,1.0,1.0,1.0656303972366148,1737,82875,82193,0.008229260935143312,26037,3.1829703882935823,0.6759783236836654,0.01217385328319244
community,0.02,identity,256,73010,0.13925552368164062,13664,53.375,5.343237704918033,4.0,13.0,5.343237704918033,2000,479424,318665,0.33531696368976105,62804,7.633653907394433,0.6753677232235342,0.49649539378235485
community,0.02,random,256,73010,0.13925552368164062,14297,55.84765625,5.106665734070084,5.0,9.0,5.106665734070084,2000,463195,427823,0.07636524573883574,81451,5.6867932867613655,0.27308015221397186,0.2796440719682908
community,0.02,fanout,256,73010,0.13925552368164062,13725,53.61328125,5.319489981785064,4.0,13.0,5.319489981785064,2000,467651,313653,0.329301124128891,62184,7.520439341309662,0.674964290776662,0.4878793272900018
community,0.02,fanin,256,73010,0.13925552368164062,13621,53.20703125,5.360105719110197,4.0,12.0,5.360105719110197,2000,480301,316817,0.34037822115714933,62011,7.745416135846866,0.6759129022057941,0.5035829617194005
community,0.02,fanin_fanout,256,73010,0.13925552368164062,13623,53.21484375,5.359318799089775,4.0,12.0,5.359318799089775,2000,484080,319514,0.3399562055858536,62718,7.7183583660193245,0.6759783236836654,0.502909921331947
spatial,0.005,identity,256,1906,0.003635406494140625,1773,6.92578125,1.075014100394811,1.0,1.0,1.075014100394811,1773,66251,64264,0.02999200012075287,8294,7.987822522305281,0.8675320657065706,0.0345716329186352
spatial,0.005,random,256,1906,0.003635406494140625,1802,7.0390625,1.0577136514983352,1.0,1.0,1.0577136514983352,1802,66251,66126,0.0018867639733739505,8747,7.574139705041729,0.2243474347434743,0.008410009125048985
spatial,0.005,fanout,256,1906,0.003635406494140625,1768,6.90625,1.0780542986425339,1.0,1.0,1.0780542986425339,1768,66251,64226,0.03056557636865853,8284,7.997464992757122,0.867208595859586,0.03524593334820629
spatial,0.005,fanin,256,1906,0.003635406494140625,1769,6.91015625,1.0774448841153195,1.0,1.0,1.0774448841153195,1769,66251,64266,0.029961811897178947,8289,7.992640849318374,0.8670257650765076,0.03455700292197784
spatial,0.005,fanin_fanout,256,1906,0.003635406494140625,1771,6.91796875,1.0762281197063805,1.0,1.0,1.0762281197063805,1771,66251,64309,0.02931276509033831,8300,7.982048192771084,0.867011701170117,0.033808961344786774
spatial,0.02,identity,256,76670,0.14623641967773438,11343,44.30859375,6.7592347703429425,3.0,19.0,6.7592347703429425,2000,476286,158618,0.666969006017393,12292,38.74764074194598,0.8675320657065706,0.7688119348927731
spatial,0.02,random,256,76670,0.14623641967773438,15624,61.03125,4.907194060419867,5.0,8.0,4.907194060419867,2000,342224,309413,0.09587580064519141,33423,10.239176614905903,0.2243474347434743,0.4273541204285163
spatial,0.02,fanout,256,76670,0.14623641967773438,11315,44.19921875,6.775961113566063,3.0,19.0,6.775961113566063,2000,467269,156312,0.6654774872717857,12243,38.16621743036838,0.867208595859586,0.767378794962425
spatial,0.02,fanin,256,76670,0.14623641967773438,11304,44.15625,6.782554847841472,3.0,20.0,6.782554847841472,2000,483507,157967,0.6732891147387732,12299,39.31270835027238,0.8670257650765076,0.7765502962641037
spatial,0.02,fanin_fanout,256,76670,0.14623641967773438,11312,44.1875,6.777758132956153,3.0,19.0,6.777758132956153,2000,465840,156225,0.6646380731581659,12284,37.92250081406708,0.867011701170117,0.766584894138305
