dataset,input_rate,pair_group,pair_count,fanin_threshold,fanout_threshold,mean_p_joint,mean_shared_targets,mean_opportunity_exact,mean_opportunity_normalized,opportunity_lift_vs_random
uniform,0.005,random,1000,0.03409090909090909,0.03260869565217391,1.5625e-05,1.123,1.5625e-05,1.6983695652173912e-07,1.0
uniform,0.005,fanin_similar,173,0.03409090909090909,0.03260869565217391,0.0,1.1907514450867052,0.0,0.0,0.0
uniform,0.005,fanout_similar,145,0.03409090909090909,0.03260869565217391,0.0,3.3517241379310345,0.0,0.0,0.0
uniform,0.005,fanin_and_fanout,16,0.03409090909090909,0.03260869565217391,0.0,3.375,0.0,0.0,0.0
uniform,0.02,random,1000,0.03409090909090909,0.03260869565217391,0.7555625,1.123,0.8483046875,0.009133219971899371,1.0
uniform,0.02,fanin_similar,173,0.03409090909090909,0.03260869565217391,0.7553287572254336,1.1907514450867052,0.8994761560693642,0.009688639454723237,1.060322039148657
uniform,0.02,fanout_similar,145,0.03409090909090909,0.03260869565217391,0.7554418103448276,3.3517241379310345,2.5320043103448278,0.027795021303446164,2.9847817036197006
uniform,0.02,fanin_and_fanout,16,0.03409090909090909,0.03260869565217391,0.75634765625,3.375,2.55419921875,0.028077161247380338,3.010945543961762
community,0.005,random,1000,0.10112359550561797,0.09523809523809523,4.6875e-05,0.917,8.59375e-05,1.0369426553298277e-06,1.0
community,0.005,fanin_similar,138,0.10112359550561797,0.09523809523809523,0.0,5.463768115942029,0.0,0.0,0.0
community,0.005,fanout_similar,120,0.10112359550561797,0.09523809523809523,6.510416666666667e-05,8.833333333333334,0.0005208333333333333,6.430041152263374e-06,6.0606060606060606
community,0.005,fanin_and_fanout,19,0.10112359550561797,0.09523809523809523,0.0,8.631578947368421,0.0,0.0,0.0
community,0.02,random,1000,0.10112359550561797,0.09523809523809523,0.75771875,0.917,0.694796875,0.008168397240247201,1.0
community,0.02,fanin_similar,138,0.10112359550561797,0.09523809523809523,0.7584918478260869,5.463768115942029,4.144021739130435,0.049511939173692725,5.964364389420195
community,0.02,fanout_similar,120,0.10112359550561797,0.09523809523809523,0.7577473958333333,8.833333333333334,6.693684895833333,0.08248839783407388,9.634016986379413
community,0.02,fanin_and_fanout,19,0.10112359550561797,0.09523809523809523,0.756578947368421,8.631578947368421,6.530016447368421,0.07991198173188369,9.39845396882135
spatial,0.005,random,1000,0.3,0.2982456140350877,1.5625e-05,0.712,9.375e-05,1.736111111111111e-06,1.0
spatial,0.005,fanin_similar,112,0.3,0.2982456140350877,0.0,14.3125,0.0,0.0,0.0
spatial,0.005,fanout_similar,110,0.3,0.2982456140350877,0.0,17.336363636363636,0.0,0.0,0.0
spatial,0.005,fanin_and_fanout,31,0.3,0.2982456140350877,0.0,17.225806451612904,0.0,0.0,0.0
spatial,0.02,random,1000,0.3,0.2982456140350877,0.7690625,0.712,0.5474609375,0.009321282200847403,1.0
spatial,0.02,fanin_similar,112,0.3,0.2982456140350877,0.7716936383928571,14.3125,11.046107700892858,0.20289433097644327,20.176978747260588
spatial,0.02,fanout_similar,110,0.3,0.2982456140350877,0.7740056818181819,17.336363636363636,13.4203125,0.25515771855533687,24.513735283624687
spatial,0.02,fanin_and_fanout,31,0.3,0.2982456140350877,0.7721774193548387,17.225806451612904,13.302923387096774,0.2539239782131999,24.299310646427212
