dataset,requested_firing_rate_hz,provider,measured_firing_rate_hz,measured_min_hz,measured_max_hz,speedup,speedup_min,speedup_max,latency_ms,seeds
flybrain,0.0,globalatomic_cudagraph,0.0,0.0,0.0,3.697819816350733,3.6910134870875715,3.699343379410723,11.327904224395752,3
flybrain,0.1,globalatomic_cudagraph,0.0999955369701166,0.0999955369701166,0.0999955369701166,3.6922378909202083,3.692108766219362,3.6937230020724012,11.338335990905762,3
flybrain,0.2,globalatomic_cudagraph,0.1999910739402332,0.1999910739402332,0.1999910739402332,3.690284476285685,3.6896790914146647,3.6905014860158825,11.344608306884766,3
flybrain,0.5,globalatomic_cudagraph,0.5000058605442913,0.4999776848505831,0.5000058605442913,3.6813806087998064,3.680862415122715,3.6822079632385365,11.367040157318115,3
flybrain,1.0,globalatomic_cudagraph,1.0000117210885826,0.9999835453948746,1.0000398967822908,3.6829961149773354,3.6756382805892764,3.691804615954039,11.36400032043457,3
flybrain,2.0,globalatomic_cudagraph,1.9999952664834568,1.9711997075137588,2.706500786214557,3.6820817061613766,3.681476488929694,3.683464243477553,11.364240169525146,3
flybrain,5.0,globalatomic_cudagraph,5.101040291692813,4.656850480384308,5.977783352808373,3.6821753767578227,3.681267436205882,3.6834477276834465,11.361936092376707,3
flybrain,10.0,globalatomic_cudagraph,10.147307034817045,10.009443365503213,10.467439266728698,3.682275672070023,3.681005285195087,3.684629290079056,11.360383987426758,3
flybrain,20.0,globalatomic_cudagraph,19.999868137753445,19.99786766350017,20.0000653676094,3.6814301597066104,3.681220675325565,3.6840357949610496,11.361696243286133,3
flybrain,50.0,globalatomic_cudagraph,49.99833199893248,49.99799389060798,50.00021977041092,3.632659036359538,3.6213406417922895,3.655645123405512,11.524288177490234,3
flybrain,0.0,persistent_spike_block,0.0,0.0,0.0,20.11745696021823,20.093810578073082,20.129989293405416,2.081760048866272,3
flybrain,0.1,persistent_spike_block,0.0999955369701166,0.0999955369701166,0.0999955369701166,13.540715162332233,13.529192567645676,13.658865354623405,3.0929439067840576,3
flybrain,0.2,persistent_spike_block,0.1999910739402332,0.1999910739402332,0.1999910739402332,12.489462854156484,12.383895663515572,12.50263764367413,3.352176070213318,3
flybrain,0.5,persistent_spike_block,0.5000058605442913,0.4999776848505831,0.5000058605442913,10.986998729462687,10.900634146005181,11.019246393794353,3.8087680339813232,3
flybrain,1.0,persistent_spike_block,1.0000117210885826,0.9999835453948746,1.0000398967822908,9.999296323953493,9.828805369638564,12.734805968113049,4.185088157653809,3
flybrain,2.0,persistent_spike_block,1.9999952664834568,1.9711997075137588,2.706500786214557,9.06005867336024,8.932392702449713,9.063557205056856,4.619456052780151,3
flybrain,5.0,persistent_spike_block,5.101040291692813,4.656850480384308,5.977783352808373,8.4014990933737,8.145974447034837,8.53352967883613,4.979663848876953,3
flybrain,10.0,persistent_spike_block,10.147307034817045,10.009443365503213,10.467439266728698,7.749769535075927,7.66132594135136,8.392904681637992,5.399631977081299,3
flybrain,20.0,persistent_spike_block,19.999868137753445,19.99786766350017,20.0000653676094,6.739736209259054,6.716763683902286,7.051287399640101,6.207488059997559,3
flybrain,50.0,persistent_spike_block,49.99833199893248,49.99799389060798,50.00021977041092,5.2981074677706905,5.282595802439517,5.412419616467163,7.8931519985198975,3
flybrain,0.0,tilespmspv_cudagraph,0.0,0.0,0.0,6.563379124171401,6.553247965747336,6.5701703299586915,6.380127906799316,3
flybrain,0.1,tilespmspv_cudagraph,0.0999955369701166,0.0999955369701166,0.0999955369701166,6.4260494946984075,6.422279839840627,6.426886449753548,6.5173280239105225,3
flybrain,0.2,tilespmspv_cudagraph,0.1999910739402332,0.1999910739402332,0.1999910739402332,6.372878649048856,6.3579548869479945,6.376872840943257,6.568575859069824,3
flybrain,0.5,tilespmspv_cudagraph,0.5000058605442913,0.4999776848505831,0.5000058605442913,6.308812139145455,6.223260776591227,6.321517823425908,6.634143829345703,3
flybrain,1.0,tilespmspv_cudagraph,1.0000117210885826,0.9999835453948746,1.0000398967822908,6.141103676080452,5.897167856609806,6.3032786031457135,6.81439995765686,3
flybrain,2.0,tilespmspv_cudagraph,1.9999952664834568,1.9711997075137588,2.706500786214557,5.811072610555767,5.796674118194013,5.876220273206715,7.203439950942993,3
flybrain,5.0,tilespmspv_cudagraph,5.101040291692813,4.656850480384308,5.977783352808373,5.79885370292448,5.70703493898984,5.818931359962032,7.214639902114868,3
flybrain,10.0,tilespmspv_cudagraph,10.147307034817045,10.009443365503213,10.467439266728698,5.739624503779976,5.71909899980427,5.745569400852134,7.290704011917114,3
flybrain,20.0,tilespmspv_cudagraph,19.999868137753445,19.99786766350017,20.0000653676094,5.458683051016125,5.440398239263234,5.497922263003601,7.66427206993103,3
flybrain,50.0,tilespmspv_cudagraph,49.99833199893248,49.99799389060798,50.00021977041092,4.690076470428433,4.679255366118417,4.719035492108878,8.916624069213867,3
flybrain,0.0,vdha_cudagraph,0.0,0.0,0.0,6.298154062127608,6.286122373528073,6.301140065724612,6.6510560512542725,3
flybrain,0.1,vdha_cudagraph,0.0999955369701166,0.0999955369701166,0.0999955369701166,4.156090693729682,4.122866585314148,4.161131809242045,10.070655822753906,3
flybrain,0.2,vdha_cudagraph,0.1999910739402332,0.1999910739402332,0.1999910739402332,3.7205954328497284,3.712885578182451,3.8135542562085263,11.25273609161377,3
flybrain,0.5,vdha_cudagraph,0.5000058605442913,0.4999776848505831,0.5000058605442913,3.605599039069755,3.4615386496560916,3.608832670087357,11.606096267700195,3
flybrain,1.0,vdha_cudagraph,1.0000117210885826,0.9999835453948746,1.0000398967822908,3.44144665367519,3.4313043060137827,4.00871959591439,12.159984111785889,3
flybrain,2.0,vdha_cudagraph,1.9999952664834568,1.9711997075137588,2.706500786214557,3.391475910220531,3.171205622911665,3.4226316726994463,12.342624187469482,3
flybrain,5.0,vdha_cudagraph,5.101040291692813,4.656850480384308,5.977783352808373,3.1370394373974677,3.127511125863848,3.3563877257089065,13.33619213104248,3
flybrain,10.0,vdha_cudagraph,10.147307034817045,10.009443365503213,10.467439266728698,3.1288135851856107,3.1140878895063593,3.1686578460976103,13.374367713928224,3
flybrain,20.0,vdha_cudagraph,19.999868137753445,19.99786766350017,20.0000653676094,3.0269992913522032,3.0268426402161106,3.04621625878969,13.817999839782717,3
flybrain,50.0,vdha_cudagraph,49.99833199893248,49.99799389060798,50.00021977041092,2.595041113966605,2.5456775387875044,2.6220057070427,16.11521625518799,3
microns_mm3,0.0,globalatomic_cudagraph,0.0,0.0,0.0,2.8742964293477957,2.873378123803762,2.8756923590487693,7.248543977737427,3
microns_mm3,0.1,globalatomic_cudagraph,0.0999851160738076,0.0999851160738076,0.0999851160738076,2.8663720684971916,2.8648208059145843,2.8719319638116203,7.265903949737549,3
microns_mm3,0.2,globalatomic_cudagraph,0.1999702321476152,0.1999702321476152,0.1999702321476152,2.8640815611890296,2.8633522255402557,2.865083335985851,7.274640083312988,3
microns_mm3,0.5,globalatomic_cudagraph,0.4999906324940048,0.4999906324940048,0.4999906324940048,2.8546631359378805,2.853093269445904,2.855187012039101,7.299999952316284,3
microns_mm3,1.0,globalatomic_cudagraph,0.9999812649880097,0.9999812649880097,0.9999812649880097,2.843497506353093,2.8422672939520637,2.843834299401862,7.326864004135132,3
microns_mm3,2.0,globalatomic_cudagraph,2.000027582100986,2.000027582100986,2.000027582100986,2.834826402524724,2.833078992827815,2.8351395062339515,7.34991979598999,3
microns_mm3,5.0,globalatomic_cudagraph,4.999971377065014,4.999971377065014,4.999971377065014,2.827455795474319,2.825667988251672,2.853043200771697,7.36627197265625,3
microns_mm3,10.0,globalatomic_cudagraph,10.000007806254995,10.000007806254995,10.000007806254995,2.8245481016616703,2.823481775931416,2.849693464638566,7.371680021286011,3
microns_mm3,20.0,globalatomic_cudagraph,20.000015612509998,20.000015612509998,20.000015612509998,2.842677107420267,2.839609571237462,2.8494497388075675,7.327903985977173,3
microns_mm3,50.0,globalatomic_cudagraph,49.99971377065015,49.99925840577538,49.99990892702505,2.847130882014898,2.845919876738456,2.8627944105747356,7.314288139343262,3
microns_mm3,0.0,persistent_spike_block,0.0,0.0,0.0,13.22152014209196,13.207698482044313,13.228836024741714,1.5752960443496704,3
microns_mm3,0.1,persistent_spike_block,0.0999851160738076,0.0999851160738076,0.0999851160738076,8.218822393241592,7.946320289093273,8.324214330413524,2.5359039306640625,3
microns_mm3,0.2,persistent_spike_block,0.1999702321476152,0.1999702321476152,0.1999702321476152,7.030684606214274,6.769939159331681,7.397773696263719,2.963871955871582,3
microns_mm3,0.5,persistent_spike_block,0.4999906324940048,0.4999906324940048,0.4999906324940048,5.876217153196278,5.7779148913493215,7.23438501767084,3.546336054801941,3
microns_mm3,1.0,persistent_spike_block,0.9999812649880097,0.9999812649880097,0.9999812649880097,5.115560640062457,5.085864891237486,6.4531742320453995,4.072656154632568,3
microns_mm3,2.0,persistent_spike_block,2.000027582100986,2.000027582100986,2.000027582100986,4.765448472087912,4.7631077786908,4.769357065101691,4.372735977172852,3
microns_mm3,5.0,persistent_spike_block,4.999971377065014,4.999971377065014,4.999971377065014,4.798768817409264,4.768445962047608,6.49579597298269,4.340240001678467,3
microns_mm3,10.0,persistent_spike_block,10.000007806254995,10.000007806254995,10.000007806254995,5.327065058774376,5.293564736938464,6.1052298081082785,3.9086560010910034,3
microns_mm3,20.0,persistent_spike_block,20.000015612509998,20.000015612509998,20.000015612509998,4.949891167341948,4.941451218435541,5.13657273773434,4.20524787902832,3
microns_mm3,50.0,persistent_spike_block,49.99971377065015,49.99925840577538,49.99990892702505,4.299950964857361,4.287960135668878,4.363021633633,4.844208002090454,3
microns_mm3,0.0,tilespmspv_cudagraph,0.0,0.0,0.0,4.210449579882584,4.210074009416577,4.211214999480261,4.947135925292969,3
microns_mm3,0.1,tilespmspv_cudagraph,0.0999851160738076,0.0999851160738076,0.0999851160738076,4.079076319434097,4.0641270628510355,4.098905615504283,5.105759859085083,3
microns_mm3,0.2,tilespmspv_cudagraph,0.1999702321476152,0.1999702321476152,0.1999702321476152,4.04470255756154,4.0275274238853385,4.052379444404519,5.151936054229736,3
microns_mm3,0.5,tilespmspv_cudagraph,0.4999906324940048,0.4999906324940048,0.4999906324940048,3.9927698282470967,3.9852639845603584,4.074194256790623,5.218176126480103,3
microns_mm3,1.0,tilespmspv_cudagraph,0.9999812649880097,0.9999812649880097,0.9999812649880097,3.9229816275680705,3.9206645235468573,4.00079257499338,5.310735940933228,3
microns_mm3,2.0,tilespmspv_cudagraph,2.000027582100986,2.000027582100986,2.000027582100986,3.8417894424478223,3.8250359055947567,3.8428091158894317,5.423247814178467,3
microns_mm3,5.0,tilespmspv_cudagraph,4.999971377065014,4.999971377065014,4.999971377065014,3.7206759540715137,3.7132642842794548,3.9382400979531638,5.597856044769287,3
microns_mm3,10.0,tilespmspv_cudagraph,10.000007806254995,10.000007806254995,10.000007806254995,3.633504176439095,3.6064374115036792,3.9141839909798644,5.730463981628418,3
microns_mm3,20.0,tilespmspv_cudagraph,20.000015612509998,20.000015612509998,20.000015612509998,3.615331986969228,3.5634337314189732,3.8196264243113944,5.757567882537842,3
microns_mm3,50.0,tilespmspv_cudagraph,49.99971377065015,49.99925840577538,49.99990892702505,3.533617756254144,3.4367697133020174,3.623588375546779,5.894767999649048,3
microns_mm3,0.0,vdha_cudagraph,0.0,0.0,0.0,3.416339299695136,3.4106887315587944,3.4168481521094733,6.097568035125732,3
microns_mm3,0.1,vdha_cudagraph,0.0999851160738076,0.0999851160738076,0.0999851160738076,2.601005427580508,2.589040960283942,2.6208146827977137,8.011536121368408,3
microns_mm3,0.2,vdha_cudagraph,0.1999702321476152,0.1999702321476152,0.1999702321476152,2.2307620578742013,2.221798114434264,2.2368099503506174,9.337552070617676,3
microns_mm3,0.5,vdha_cudagraph,0.4999906324940048,0.4999906324940048,0.4999906324940048,1.8800057380171777,1.8453465679067476,1.9610320785852289,11.08240032196045,3
microns_mm3,1.0,vdha_cudagraph,0.9999812649880097,0.9999812649880097,0.9999812649880097,1.6842840374541685,1.6528752060299754,1.7597369559641192,12.36959981918335,3
microns_mm3,2.0,vdha_cudagraph,2.000027582100986,2.000027582100986,2.000027582100986,1.5997743052522195,1.5871315840338476,1.6016378348891351,13.01793622970581,3
microns_mm3,5.0,vdha_cudagraph,4.999971377065014,4.999971377065014,4.999971377065014,1.548298850201435,1.5471279698717402,1.7214408116732858,13.44974422454834,3
microns_mm3,10.0,vdha_cudagraph,10.000007806254995,10.000007806254995,10.000007806254995,1.5883614001030433,1.4972513939846466,1.7038222005890868,13.108896255493164,3
microns_mm3,20.0,vdha_cudagraph,20.000015612509998,20.000015612509998,20.000015612509998,1.612162280054966,1.5993907167845374,1.6615143647685573,12.921072006225586,3
microns_mm3,50.0,vdha_cudagraph,49.99971377065015,49.99925840577538,49.99990892702505,1.5718631515213002,1.5373967493328964,1.5729374279534052,13.25430393218994,3
multiarea_mam,0.0,globalatomic_cudagraph,0.0,0.0,0.0,1.9932645297352758,1.9929671267026372,2.038281544523286,14.10319995880127,3
multiarea_mam,0.1,globalatomic_cudagraph,0.1000729454210857,0.1000729454210857,0.1000729454210857,1.9928698506261713,1.9911726471599027,2.0368487003949847,14.099103927612305,3
multiarea_mam,0.2,globalatomic_cudagraph,0.1999567170323018,0.1999567170323018,0.1999567170323018,1.9918202682398065,1.9906416352651912,2.0356238967889126,14.10318374633789,3
multiarea_mam,0.5,globalatomic_cudagraph,0.4999863794856894,0.4999863794856894,0.4999863794856894,1.9908779217028658,1.9900219123595517,2.033886456121635,14.107295989990234,3
multiarea_mam,1.0,globalatomic_cudagraph,0.9999727589713788,0.9999727589713788,0.9999727589713788,1.9891908269399161,1.9888218658093613,2.034163530271375,14.113871574401855,3
multiarea_mam,2.0,globalatomic_cudagraph,1.9999455179427577,1.9999455179427577,1.9999455179427577,1.986538531739838,1.9864745353544004,2.0299395335972164,14.133456230163574,3
multiarea_mam,5.0,globalatomic_cudagraph,5.000052968666764,5.000052968666764,5.000052968666764,1.982588311182291,1.9823462128135907,2.027589273417237,14.160607814788818,3
multiarea_mam,10.0,globalatomic_cudagraph,9.999916763523656,9.999916763523656,9.999916763523656,1.9777390890037716,1.9773124121408647,2.022951356171424,14.19532823562622,3
multiarea_mam,20.0,globalatomic_cudagraph,19.999833527047315,19.999833527047315,20.000022700857183,1.9706702101118816,1.9697839806466566,2.0170590300568128,14.250656127929688,3
multiarea_mam,50.0,globalatomic_cudagraph,49.99996216523802,49.99996216523802,50.00034051285777,1.9012462504180199,1.8956498955156045,1.9533395613922893,14.76643180847168,3
multiarea_mam,0.0,persistent_spike_block,0.0,0.0,0.0,19.124569774761223,19.1188289250711,19.80695246990326,1.4698880314826963,3
multiarea_mam,0.1,persistent_spike_block,0.1000729454210857,0.1000729454210857,0.1000729454210857,12.763542742702134,12.512771737558005,13.262820413763855,2.2004799842834477,3
multiarea_mam,0.2,persistent_spike_block,0.1999567170323018,0.1999567170323018,0.1999567170323018,12.14748685676208,12.101099066557818,12.624468786336303,2.31169593334198,3
multiarea_mam,0.5,persistent_spike_block,0.4999863794856894,0.4999863794856894,0.4999863794856894,10.902712882400289,10.819315429572741,11.117035787328899,2.575295925140381,3
multiarea_mam,1.0,persistent_spike_block,0.9999727589713788,0.9999727589713788,0.9999727589713788,7.244218478269095,7.1668632409567055,7.425539878505998,3.875808000564575,3
multiarea_mam,2.0,persistent_spike_block,1.9999455179427577,1.9999455179427577,1.9999455179427577,6.41821747210883,6.412631577571684,6.54700559237221,4.374527931213379,3
multiarea_mam,5.0,persistent_spike_block,5.000052968666764,5.000052968666764,5.000052968666764,6.3952742752788305,6.3432360891880455,6.532785872509435,4.390144109725952,3
multiarea_mam,10.0,persistent_spike_block,9.999916763523656,9.999916763523656,9.999916763523656,6.3145848635859245,6.3085033317511225,6.490382385101767,4.446239948272705,3
multiarea_mam,20.0,persistent_spike_block,19.999833527047315,19.999833527047315,20.000022700857183,6.2302909636396056,6.0502124661207075,6.240721411881891,4.499936103820801,3
multiarea_mam,50.0,persistent_spike_block,49.99996216523802,49.99996216523802,50.00034051285777,5.656120839343632,5.470759301605299,5.681341008996234,4.953088045120239,3
multiarea_mam,0.0,tilespmspv_cudagraph,0.0,0.0,0.0,6.947099126726628,6.936460304398094,7.177416568248548,4.0464959144592285,3
multiarea_mam,0.1,tilespmspv_cudagraph,0.1000729454210857,0.1000729454210857,0.1000729454210857,6.779584144134024,6.778914478263221,6.998865267544247,4.1427202224731445,3
multiarea_mam,0.2,tilespmspv_cudagraph,0.1999567170323018,0.1999567170323018,0.1999567170323018,6.6460537220244325,6.6459446877974715,6.865560527600889,4.225327968597412,3
multiarea_mam,0.5,tilespmspv_cudagraph,0.4999863794856894,0.4999863794856894,0.4999863794856894,6.298071770548846,6.276886788129798,6.504337280730791,4.458144187927246,3
multiarea_mam,1.0,tilespmspv_cudagraph,0.9999727589713788,0.9999727589713788,0.9999727589713788,5.959832523501914,5.953944697961167,6.1284805156186595,4.711071968078613,3
multiarea_mam,2.0,tilespmspv_cudagraph,1.9999455179427577,1.9999455179427577,1.9999455179427577,5.772775489029145,5.770330055436519,5.964668489085059,4.863631963729858,3
multiarea_mam,5.0,tilespmspv_cudagraph,5.000052968666764,5.000052968666764,5.000052968666764,5.547474003408848,5.542149865340742,5.717877729960788,5.060799837112427,3
multiarea_mam,10.0,tilespmspv_cudagraph,9.999916763523656,9.999916763523656,9.999916763523656,5.387276697945611,5.368282178642794,5.565262582178676,5.211568117141724,3
multiarea_mam,20.0,tilespmspv_cudagraph,19.999833527047315,19.999833527047315,20.000022700857183,5.347239873518084,5.174996703662858,5.374448559321159,5.251839876174927,3
multiarea_mam,50.0,tilespmspv_cudagraph,49.99996216523802,49.99996216523802,50.00034051285777,4.355294474540891,4.270369749592277,4.519964983692913,6.447743892669678,3
multiarea_mam,0.0,vdha_cudagraph,0.0,0.0,0.0,4.785544411272937,4.784158316853626,4.928744292743319,5.874143838882446,3
multiarea_mam,0.1,vdha_cudagraph,0.1000729454210857,0.1000729454210857,0.1000729454210857,3.7217440229085974,3.702741966627105,3.827325198595571,7.549600124359131,3
multiarea_mam,0.2,vdha_cudagraph,0.1999567170323018,0.1999567170323018,0.1999567170323018,3.6959283915627643,3.6792685589304805,3.771148336257011,7.600528001785278,3
multiarea_mam,0.5,vdha_cudagraph,0.4999863794856894,0.4999863794856894,0.4999863794856894,3.465740754092755,3.4597006128678944,3.545819292425771,8.101503849029541,3
multiarea_mam,1.0,vdha_cudagraph,0.9999727589713788,0.9999727589713788,0.9999727589713788,3.462736776834669,3.4613134347837207,3.5712913386759686,8.108384132385254,3
multiarea_mam,2.0,vdha_cudagraph,1.9999455179427577,1.9999455179427577,1.9999455179427577,3.366886532159731,3.366036009198582,3.451651490882838,8.339056015014648,3
multiarea_mam,5.0,vdha_cudagraph,5.000052968666764,5.000052968666764,5.000052968666764,3.2937916901920823,3.2819640315665293,3.397191027863124,8.52396821975708,3
multiarea_mam,10.0,vdha_cudagraph,9.999916763523656,9.999916763523656,9.999916763523656,3.2294908591327056,3.2158708740627975,3.304081240798168,8.693679809570312,3
multiarea_mam,20.0,vdha_cudagraph,19.999833527047315,19.999833527047315,20.000022700857183,3.184653543779696,3.172256763304852,3.2861844566957936,8.81833553314209,3
multiarea_mam,50.0,vdha_cudagraph,49.99996216523802,49.99996216523802,50.00034051285777,2.786200316156847,2.7592179153980307,2.899204163402412,10.078896045684814,3
uniform,0.0,globalatomic_cudagraph,0.0,0.0,0.0,1.8959516995184271,1.8957140793651428,1.8960617976494645,11.690639972686768,3
uniform,0.1,globalatomic_cudagraph,0.0999867916107177,0.0999867916107177,0.0999867916107177,1.8921727658220893,1.8915847203384104,1.8937412228044483,11.700639724731444,3
uniform,0.2,globalatomic_cudagraph,0.2000033855438232,0.2000033855438232,0.2000033855438232,1.889522915872504,1.8894276638991496,1.8904828440562544,11.708335876464844,3
uniform,0.5,globalatomic_cudagraph,0.4999935626983642,0.4999935626983642,0.4999935626983642,1.8862483177754243,1.8856110285155867,1.8864329737942616,11.727295875549316,3
uniform,1.0,globalatomic_cudagraph,0.9999871253967284,0.9999871253967284,0.9999871253967284,1.8817668572369826,1.881748859220022,1.8819192773797715,11.752896308898926,3
uniform,2.0,globalatomic_cudagraph,2.0000040531158447,2.0000040531158447,2.0000040531158447,1.8794895927980273,1.8789009298508257,1.8794970226209156,11.766895771026611,3
uniform,5.0,globalatomic_cudagraph,4.999995231628418,4.999995231628418,4.999995231628418,1.8784617427680135,1.878331738819724,1.8791094100785635,11.771039962768556,3
uniform,10.0,globalatomic_cudagraph,9.999990463256836,9.999990463256836,9.999990463256836,1.8787837263751026,1.8786219001454367,1.879269176011784,11.768720149993896,3
uniform,20.0,globalatomic_cudagraph,19.98785138130188,19.96275782585144,20.01887559890747,1.8826202924000484,1.8816174486431652,1.883432314332807,11.748000144958496,3
uniform,50.0,globalatomic_cudagraph,49.71233010292053,49.62787032127381,49.7608482837677,1.8853043164558236,1.8852631305053476,1.8867865348899118,11.72801637649536,3
uniform,0.0,persistent_spike_block,0.0,0.0,0.0,12.009552827917956,11.999774645284129,12.010319210227207,1.8457120060920715,3
uniform,0.1,persistent_spike_block,0.0999867916107177,0.0999867916107177,0.0999867916107177,9.5257925979978,9.47220298617415,9.630534086578583,2.3243839740753174,3
uniform,0.2,persistent_spike_block,0.2000033855438232,0.2000033855438232,0.2000033855438232,9.449887171206264,9.425312276870304,9.466011543214826,2.341104030609131,3
uniform,0.5,persistent_spike_block,0.4999935626983642,0.4999935626983642,0.4999935626983642,9.303497587300301,9.283754673345227,9.72149558665175,2.377664089202881,3
uniform,1.0,persistent_spike_block,0.9999871253967284,0.9999871253967284,0.9999871253967284,9.113145819523341,9.09602385644946,9.373579633880041,2.4268800020217896,3
uniform,2.0,persistent_spike_block,2.0000040531158447,2.0000040531158447,2.0000040531158447,8.857340266335447,8.800842998223194,8.863159424002202,2.496912002563477,3
uniform,5.0,persistent_spike_block,4.999995231628418,4.999995231628418,4.999995231628418,8.565780431959464,8.555411729829265,9.412562896229952,2.5811840295791626,3
uniform,10.0,persistent_spike_block,9.999990463256836,9.999990463256836,9.999990463256836,8.046594403940972,8.021146776408882,8.944704525932286,2.7477920055389404,3
uniform,20.0,persistent_spike_block,19.98785138130188,19.96275782585144,20.01887559890747,7.459657740054317,6.855899721212956,7.4923253128587755,2.964607954025269,3
uniform,50.0,persistent_spike_block,49.71233010292053,49.62787032127381,49.7608482837677,5.042319938754383,4.96401510691094,5.149748867166054,4.384880065917969,3
uniform,0.0,tilespmspv_cudagraph,0.0,0.0,0.0,3.772170075583234,3.7711410643095764,3.7733927248744363,5.876239776611328,3
uniform,0.1,tilespmspv_cudagraph,0.0999867916107177,0.0999867916107177,0.0999867916107177,3.7106404769093952,3.7090603937395152,3.7207690115300323,5.965776205062866,3
uniform,0.2,tilespmspv_cudagraph,0.2000033855438232,0.2000033855438232,0.2000033855438232,3.6881157864925695,3.6878340376246816,3.6898982854343685,5.998239994049072,3
uniform,0.5,tilespmspv_cudagraph,0.4999935626983642,0.4999935626983642,0.4999935626983642,3.6705755321555085,3.667800392379048,3.6839344499798963,6.025343894958496,3
uniform,1.0,tilespmspv_cudagraph,0.9999871253967284,0.9999871253967284,0.9999871253967284,3.6665109365247104,3.6557641234195684,3.674828407268934,6.032032012939453,3
uniform,2.0,tilespmspv_cudagraph,2.0000040531158447,2.0000040531158447,2.0000040531158447,3.655318895483903,3.6392429501583305,3.655986606591,6.0484161376953125,3
uniform,5.0,tilespmspv_cudagraph,4.999995231628418,4.999995231628418,4.999995231628418,3.631649933385635,3.628478069971394,3.696398599534618,6.08838415145874,3
uniform,10.0,tilespmspv_cudagraph,9.999990463256836,9.999990463256836,9.999990463256836,3.59857087179242,3.595741076358973,3.665577346181307,6.144207954406738,3
uniform,20.0,tilespmspv_cudagraph,19.98785138130188,19.96275782585144,20.01887559890747,3.563361186702344,3.558080129892253,3.6211064687162975,6.206207990646362,3
uniform,50.0,tilespmspv_cudagraph,49.71233010292053,49.62787032127381,49.7608482837677,3.4358530777225615,3.42379685466896,3.473351865431781,6.435488224029541,3
uniform,0.0,vdha_cudagraph,0.0,0.0,0.0,3.613770794986057,3.613523841550709,3.613846086211664,6.133680105209351,3
uniform,0.1,vdha_cudagraph,0.0999867916107177,0.0999867916107177,0.0999867916107177,2.685773677797716,2.6841635029650814,2.7393792494910163,8.238752365112305,3
uniform,0.2,vdha_cudagraph,0.2000033855438232,0.2000033855438232,0.2000033855438232,2.6713124225952045,2.669827095267713,2.674620951683772,8.281760215759277,3
uniform,0.5,vdha_cudagraph,0.4999935626983642,0.4999935626983642,0.4999935626983642,1.780940482119052,1.7798368110122231,1.8121034730181436,12.420736312866213,3
uniform,1.0,vdha_cudagraph,0.9999871253967284,0.9999871253967284,0.9999871253967284,2.1614434226400783,2.1283998395945107,2.1783805208571545,10.232287883758543,3
uniform,2.0,vdha_cudagraph,2.0000040531158447,2.0000040531158447,2.0000040531158447,2.442485364894004,2.4367519124546173,2.4475672647035713,9.05177640914917,3
uniform,5.0,vdha_cudagraph,4.999995231628418,4.999995231628418,4.999995231628418,2.7547857475547275,2.751756222214402,2.9267508407529137,8.026351928710938,3
uniform,10.0,vdha_cudagraph,9.999990463256836,9.999990463256836,9.999990463256836,2.765607625809938,2.7612666400835035,2.920825205560631,7.994256019592285,3
uniform,20.0,vdha_cudagraph,19.98785138130188,19.96275782585144,20.01887559890747,2.8450792821177235,2.8364239647956397,2.9285879057463737,7.773056030273437,3
uniform,50.0,vdha_cudagraph,49.71233010292053,49.62787032127381,49.7608482837677,2.8144604220287075,2.802182602116019,2.8671825265964963,7.856352090835571,3
