dataset,control_input_rate,timesteps,duration_s,total_spikes,active_neurons,population_mean_hz,active_neuron_mean_hz,silent_fraction,profile_population_mean_hz,profile_active_neuron_mean_hz,profile_silent_fraction
uniform,0.001,2048,2.048,16925,7113,1.0088086128234863,1.1618389085125824,0.1317138671875,1.004040241241455,1.1511683213785864,0.1278076171875
uniform,0.01,2048,2.048,164934,8192,9.830832481384277,9.830832481384277,0.0,9.82058048248291,9.82058048248291,0.0
uniform,0.05,2048,2.048,786769,8192,46.89508676528931,46.89508676528931,0.0,46.98258638381958,46.98258638381958,0.0
community,0.001,2048,2.048,16903,7158,1.0074973106384277,1.1530340833682593,0.126220703125,1.0014772415161133,1.1477478403049806,0.12744140625
community,0.01,2048,2.048,163413,8192,9.740173816680908,9.740173816680908,0.0,9.764909744262695,9.764909744262695,0.0
community,0.05,2048,2.048,784898,8192,46.78356647491455,46.78356647491455,0.0,46.71764373779297,46.71764373779297,0.0
spatial,0.001,2048,2.048,16599,7113,0.989377498626709,1.1394602092998736,0.1317138671875,1.00630521774292,1.1486209201267938,0.1239013671875
spatial,0.01,2048,2.048,164215,8192,9.787976741790771,9.787976741790771,0.0,9.78696346282959,9.78696346282959,0.0
spatial,0.05,2048,2.048,783712,8192,46.71287536621094,46.71287536621094,0.0,46.63193225860596,46.63193225860596,0.0
flybrain,0.0005,2048,2.048,141026,88484,0.49668817261016024,0.7782237643246236,0.3617668909902697,0.49737143318258203,0.7787486518306869,0.36131968637973444
flybrain,0.001,2048,2.048,283887,120662,0.9998391449646203,1.148801604637334,0.12966769812246193,1.0031673987838918,1.1504518570601372,0.1280231392321064
flybrain,0.002,2048,2.048,562458,135830,1.9809555414601951,2.0219222212508283,0.020261254048283717,1.985125544128997,2.0256266813317434,0.019994373877480376
flybrain,0.005,2048,2.048,2182971,137591,7.688340283713457,7.746900659154669,0.007559200513563957,6.180982933869618,6.217488067975694,0.005871363757672832
flybrain,0.01,2048,2.048,3651538,138367,12.860577031444976,12.885858181954513,0.001961929904283788,12.941839254060906,12.969154751051704,0.0021061894560693295
flybrain,0.02,2048,2.048,6248429,138455,22.00672770761654,22.0359735846033,0.0013271878764272715,21.971610227371087,22.00414688813803,0.0014786604058021346
flybrain,0.05,2048,2.048,14252138,138501,50.19548437173162,50.24549828385716,0.0009953909073204814,50.14227809612555,50.182818461157396,0.0008078534899992329
