dataset,control_input_rate,timesteps,duration_s,total_spikes,active_neurons,population_mean_hz,active_neuron_mean_hz,silent_fraction,selected_targets_hz
uniform,0.0005,512,0.512,2107,1857,0.5023479461669922,2.216065899299946,0.7733154296875,0.5
uniform,0.001,512,0.512,4249,3328,1.013040542602539,2.4936382587139425,0.59375,1.0
uniform,0.002,512,0.512,8331,5225,1.9862651824951172,3.1141596889952154,0.3621826171875,2.0
uniform,0.005,512,0.512,20636,7504,4.920005798339844,5.37109375,0.083984375,5.0
uniform,0.01,512,0.512,41350,8137,9.85860824584961,9.92524502273565,0.0067138671875,10.0
uniform,0.02,512,0.512,80339,8191,19.15431022644043,19.156648684531802,0.0001220703125,20.0
uniform,0.05,512,0.512,197474,8192,47.08147048950195,47.08147048950195,0.0,50.0
community,0.0005,512,0.512,2114,1867,0.5040168762207031,2.211519148366363,0.7720947265625,0.5
community,0.001,512,0.512,4298,3341,1.0247230529785156,2.5125804399880276,0.5921630859375,1.0
community,0.002,512,0.512,8337,5235,1.9876956939697266,3.1104494985673354,0.3609619140625,2.0
community,0.005,512,0.512,20880,7573,4.978179931640625,5.3850851710022445,0.0755615234375,5.0
community,0.01,512,0.512,41059,8135,9.789228439331055,9.85781922249539,0.0069580078125,10.0
community,0.02,512,0.512,80001,8192,19.0737247467041,19.0737247467041,0.0,20.0
community,0.05,512,0.512,195981,8192,46.72551155090332,46.72551155090332,0.0,50.0
spatial,0.0005,512,0.512,2087,1840,0.49757957458496094,2.2153108016304346,0.775390625,0.5
spatial,0.001,512,0.512,4187,3291,0.9982585906982422,2.484878266484351,0.5982666015625,1.0
spatial,0.002,512,0.512,8487,5294,2.023458480834961,3.1311242680392897,0.353759765625,2.0
spatial,0.005,512,0.512,20967,7518,4.998922348022461,5.447083250199521,0.082275390625,5.0
spatial,0.01,512,0.512,41081,8128,9.794473648071289,9.871595487819881,0.0078125,10.0
spatial,0.02,512,0.512,79805,8190,19.026994705200195,19.0316411019536,0.000244140625,20.0
spatial,0.05,512,0.512,195679,8192,46.65350914001465,46.65350914001465,0.0,50.0
flybrain,0.0005,512,0.512,35303,31144,0.497343257488874,2.2139472089326997,0.7753590259595063,0.5
flybrain,0.001,512,0.512,71363,55800,1.0053510150462712,2.4978648633512543,0.5975158505182525,1.0
flybrain,0.002,512,0.512,141024,88214,1.9867245147469326,3.122378534019543,0.36371439493937496,2.0
flybrain,0.005,512,0.512,336694,123642,4.743293508680819,5.31862529520713,0.10817302490641156,5.0
flybrain,0.01,512,0.512,901776,134285,12.704082184666651,13.11599396805302,0.03140530442371914,10.0
flybrain,0.02,512,0.512,1548776,137578,21.81891909924336,21.98718635973775,0.0076529692222245815,20.0
flybrain,0.05,512,0.512,3556236,138384,50.09970814489429,50.192026805844606,0.0018393092852660997,50.0
