dataset,control_input_rate,population_mean_hz,sampled_pairs,profile_nonzero_fraction,evaluation_nonzero_fraction,both_nonzero_fraction,persistence_given_profile,positive_support_jaccard,spearman_all,spearman_any_positive
uniform,0.001,1.0088086128234863,99213,0.0022577686391904287,0.002126737423523127,0.0,0.0,0.0,-0.002196084776219041,-0.8594092650829835
uniform,0.01,9.830832481384277,99216,0.17918480890179003,0.17756208676019997,0.032303257539106595,0.1802789965125436,0.09956508232370301,0.0042047617325435644,-0.6650387447890106
uniform,0.05,46.89508676528931,99233,0.9872219926838854,0.9863855773784931,0.973899811554624,0.9865053845761241,0.9741845086891657,0.017964403475875784,0.017124495510205187
community,0.001,1.0074973106384277,99213,0.001965468235009525,0.002106578774958927,0.0,0.0,0.0,-0.0020389492402463406,-0.8593570565797137
community,0.01,9.740173816680908,99216,0.17774350911143363,0.1751733591356233,0.031396145782938235,0.17663736886872697,0.09764890282131661,0.0011002209500950613,-0.6757411954981181
community,0.05,46.78356647491455,99233,0.9862848044501326,0.9863452682071489,0.9730130097850513,0.9865436488474743,0.9733857553304098,0.023786208020805923,0.02269260610371012
spatial,0.001,0.989377498626709,99213,0.0021972926934978277,0.0020259441807021256,1.0079324282100128e-05,0.0045871559633027525,0.0023923444976076554,0.002683439956326449,-0.8498238688127825
spatial,0.01,9.787976741790771,99216,0.17908401870666021,0.17712868892114175,0.03205128205128205,0.1789734353894642,0.09887444810646104,0.0017498095139766054,-0.6722312217281556
spatial,0.05,46.71287536621094,99233,0.9853173843378715,0.9858514808581823,0.9714711839811353,0.9859474717722141,0.9717649667852787,0.02358260160907131,0.02272057838604848
flybrain,0.0005,0.49668817261016024,99133,0.0004942854548939304,0.0005245478296833547,0.0,0.0,0.0,-0.0005094513534488221,-0.8635155056441804
flybrain,0.001,0.9998391449646203,99118,0.0019471740753445389,0.0021388647874250894,0.0,0.0,0.0,-0.002044945062776693,-0.8594374225240565
flybrain,0.002,1.9809555414601951,99138,0.007302951441425084,0.007908168411708931,7.060864653311546e-05,0.009668508287292817,0.004663557628247834,0.0016854777915706726,-0.8493540550166224
flybrain,0.005,7.688340283713457,99167,0.057327538394828924,0.06426533020057075,0.012998275636048282,0.22673702726473174,0.1196954220447581,0.15029467260479348,-0.7842336629723865
flybrain,0.01,12.860577031444976,99147,0.18337418177050238,0.18554267905231625,0.05395019516475536,0.2942082393707717,0.1712885871653644,0.09748699076621757,-0.6772137922168417
flybrain,0.02,22.00672770761654,99095,0.49119531762450175,0.4926989252737272,0.26966042686311115,0.5489881869542886,0.3775520296141402,0.07967851908673328,-0.32264388720411397
flybrain,0.05,50.19548437173162,99118,0.9581408018725156,0.95821142476644,0.9290239916059646,0.9696111362655182,0.940947456622591,0.19899883564154935,0.16952111548374377
