control_input_rate,method,median_ms,p25_ms,p75_ms,time_per_step_us,median_speedup,speedup_p25,speedup_p75,physical_reorder_ms,posterior_population_hz,total_spikes,active_block_tasks,edges_processed,spike_mismatches_vs_dominant,spike_mismatch_rate_vs_dominant,order_preprocess_ms
0.0005,dominant,2.8367999792099,2.7452239990234375,2.9662720561027527,22.162499837577343,0.0,0.0,0.0,42.84765402553603,0.4988224814085503,8852,8783,955665,0,0.0,14887.968119001016
0.0005,union_w64_contention_seed,2.8374879360198975,2.7832319736480713,2.91839998960495,22.16787450015545,-0.003868251992003191,-0.046513581517952596,0.04801855905997615,19.422237994149327,0.4988224814085503,8852,8796,955665,0,0.0,1251.4537870301865
0.0005,sketch_local_union_w128,2.9434880018234253,2.796799957752228,3.0137680172920227,22.99600001424551,-0.03329255729264924,-0.06716315719341123,0.03508185939333469,18.326138029806316,0.4988224814085503,8852,8776,955665,0,0.0,2065.357335959561
0.001,dominant,2.6402400732040405,2.5873919129371643,2.6547199487686157,20.626875571906567,0.0,0.0,0.0,24.840278027113527,1.0065484820288664,17862,17591,2137131,0,0.0,14887.968119001016
0.001,union_w64_contention_seed,2.5681920051574707,2.5180400013923645,2.732032001018524,20.06400004029274,0.012959056864113028,-0.007767182178455012,0.03246427644981131,18.55803601210937,1.0065484820288664,17862,17609,2137131,0,0.0,1251.4537870301865
0.001,sketch_local_union_w128,2.5871360301971436,2.5576961040496826,2.610688090324402,20.212000235915184,0.01625146618368689,0.0015929681407760576,0.023725217559094014,19.428753992542624,1.0065484820288664,17862,17582,2137131,0,0.0,2065.357335959561
0.002,dominant,2.9486080408096313,2.8228639960289,3.000079929828644,23.036000318825245,0.0,0.0,0.0,22.767846006900072,1.9769193733365067,35082,34039,4347282,0,0.0,14887.968119001016
0.002,union_w64_contention_seed,2.959696054458618,2.8528639674186707,3.0202799439430237,23.122625425457954,-0.014762553984769389,-0.02061473279866244,0.012172031662322585,16.031934006605297,1.9769193733365067,35082,34062,4347282,0,0.0,1251.4537870301865
0.002,sketch_local_union_w128,2.8600319623947144,2.8262400031089783,2.966271996498108,22.343999706208706,0.0035895633720915976,-0.013813188510719193,0.0388740014141879,16.135671990923584,1.9769193733365067,35082,34005,4347282,0,0.0,2065.357335959561
0.005,dominant,3.1574079990386963,3.0929919481277466,3.292672038078308,24.667249992489815,0.0,0.0,0.0,24.583951977547258,4.7810771139434065,84844,78802,10660996,0,0.0,14887.968119001016
0.005,union_w64_contention_seed,3.2545759677886963,3.1016719937324524,3.338751971721649,25.42637474834919,-0.010753230938996161,-0.05413181419525723,0.014643335622998327,16.623538045678288,4.7810771139434065,84844,78770,10660996,0,0.0,1251.4537870301865
0.005,sketch_local_union_w128,3.1559680700302124,3.055544078350067,3.2607359886169434,24.656000547111034,0.01843168422842434,0.005599241183436132,0.02368121566160125,16.5765390265733,4.7810771139434065,84844,78774,10660996,0,0.0,2065.357335959561
0.01,dominant,4.534224033355713,4.411015868186951,4.6452319622039795,35.42362526059151,0.0,0.0,0.0,24.325804028194398,11.434767183115861,202919,158912,37853169,0,0.0,14887.968119001016
0.01,union_w64_contention_seed,4.641247987747192,4.53331196308136,4.80076789855957,36.25974990427494,-0.009631806815232402,-0.03996893234466439,0.009614749826141467,14.671778015326709,11.434767183115861,202919,158111,37853169,0,0.0,1251.4537870301865
0.01,sketch_local_union_w128,4.454911947250366,4.431343913078308,4.611072063446045,34.803999587893486,0.010738524690202533,-0.016148946743289122,0.02981170655707538,16.810911998618394,11.434767183115861,202919,158181,37853169,0,0.0,2065.357335959561
0.02,dominant,5.819775819778442,5.819128155708313,5.833216071128845,45.46699859201908,0.0,0.0,0.0,23.987138003576547,21.229765343806577,376739,263224,64910307,0,0.0,14887.968119001016
0.02,union_w64_contention_seed,5.905920028686523,5.804288029670715,5.981695890426636,46.140000224113464,-0.005538938062439713,-0.02839483408700416,0.003108215622507071,16.326399985700846,21.229765343806577,376739,262070,64910307,0,0.0,1251.4537870301865
0.02,sketch_local_union_w128,5.830143928527832,5.80351984500885,5.949696063995361,45.54799944162369,0.0034216474700200505,-0.016317398658125343,0.00785372443335497,16.28073101164773,21.229765343806577,376739,261493,64910307,0,0.0,2065.357335959561
0.05,dominant,9.425920009613037,9.41540002822876,9.583616256713867,73.64000007510185,0.0,0.0,0.0,24.277955992147326,49.87221759389494,885022,439625,130618695,0,0.0,14887.968119001016
0.05,union_w64_contention_seed,9.548287868499756,9.495807886123657,9.591240167617798,74.59599897265434,-0.005560281980240167,-0.013950935888023042,0.0038111245965560814,14.742243045475334,49.87221759389494,885022,438930,130618695,0,0.0,1251.4537870301865
0.05,sketch_local_union_w128,9.42131233215332,9.343960046768188,9.531392335891724,73.60400259494781,0.007340335523816854,-0.007581864877086925,0.016989598412298523,14.872130996081978,49.87221759389494,885022,438954,130618695,0,0.0,2065.357335959561
