method,family,median_atomic_reduction,min_atomic_reduction,median_ci95_low,max_load_cv_ratio,preprocess_ms,temporary_memory_mb,passes_atomic,passes_load,phase1_pass,selected_for_phase2
dominant,dominant,0.0,0.0,0.0,1.0,14887.968119001016,4.372771263122559,False,True,False,False
union_w64_contention_seed,union,-0.0015746141682426718,-0.02626532119349556,-0.06931335482417077,1.0147277893106657,1251.4537870301865,116.21211624145508,False,True,False,True
sketch_local_union_w128,sketch_local_union,-0.006593747059256749,-0.06985803288787218,-0.07682738159949229,1.2133603833178692,2065.357335959561,116.74079895019531,False,False,False,True
normalized_union_a0.5_w64,normalized_union,-0.014983860340350041,-0.04120329109884313,-0.06302794536095405,1.0061957096900633,1297.4364530527964,116.21149730682373,False,True,False,False
weighted_union_log_w64,weighted_union,-0.017359253555727427,-0.0659873487671081,-0.08036048040129398,1.0157026200600563,1134.3572190380655,116.21142482757568,False,True,False,False
union_w64,union,-0.021241019075661782,-0.06903967280415269,-0.10099926278303396,1.0166694029037295,1141.461378952954,116.21127223968506,False,True,False,False
top4,topk,-0.022584213053298052,-0.06972622062016831,-0.10124775159907873,0.5380970407302853,4441.119848983362,14.32326889038086,False,True,False,False
weighted_union_sqrt_w64,weighted_union,-0.0266002742859186,-0.09973306594332265,-0.08622858392707174,1.01564963935233,1183.8221829966642,116.2115535736084,False,True,False,False
union_w64_first,union,-0.02823190108811824,-0.05525545679061361,-0.07309317225960896,1.0123857197799868,1280.9519380098209,116.21160984039307,False,True,False,False
sketch128,sketch,-0.055435221797939915,-0.13677251439259352,-0.1293672213687243,1.1334164741840391,46.33272800128907,6.367819786071777,False,True,False,False
identity,identity,-0.07749500026216616,-0.19472170170891334,-0.1692821029135539,0.2600499504148363,0.06737001240253448,0.529815673828125,False,True,False,False
