dataset,input_rate,layout,timesteps,total_spikes,actual_firing_rate,active_block_tasks,active_blocks_per_step,mean_active_occupancy,median_active_occupancy,p90_active_occupancy,block_compression,sampled_active_tasks,sampled_raw_edges,sampled_unique_destinations,sampled_unique_destinations_mean,sampled_unique_destinations_mean_se,estimated_global_atomic_count,estimated_global_atomic_count_se,weighted_aggregation_ratio,weighted_aggregation_ratio_se,weighted_aggregation_ci95_low,weighted_aggregation_ci95_high,sampled_unique_post_blocks,post_block_reuse,static_potential_aggregation_ratio,realized_to_potential,method,family,control_input_rate,population_mean_hz,preprocess_ms,temporary_memory_mb,load_mean,load_std,load_cv,load_p95,load_p99,load_max,atomic_reduction,atomic_reduction_ci95_low,atomic_reduction_ci95_high,static_aggregation_gain,realized_aggregation_gain,load_cv_ratio
uniform,0.01,identity,256,5055,0.009641647338867188,4352,17.0,1.1615349264705883,1.0,2.0,1.1615349264705883,4352,160481,160119,36.79204963235294,0.19293492355826775,160119.0,839.6527873255812,0.002255718745521329,0.0001400356382628521,0.001981248894526139,0.002530188596516519,120924,1.3271228209453871,0.20973696354407012,0.010754989046303015,identity,identity,0.01,9.641647338867188,0.011591007933020592,0.008914947509765625,1015.78125,2.9179870523187725,0.0028726529972066058,1020.0,1021.0,1021.0,-0.0007500046875292821,-0.015362431222749775,0.01386242184769121,-0.017674203968620184,-0.0007477520703385032,0.9701915925334572
uniform,0.01,dominant,256,5055,0.009641647338867188,4356,17.015625,1.1604683195592287,1.0,2.0,1.1604683195592287,4356,160481,159999,36.730716253443525,0.19435968365829825,159999.0,846.6307820155472,0.0030034708158598322,0.00017818635855681598,0.002654225553088473,0.0033527160786311913,120804,1.3284411112214827,0.2274111675126903,0.013207226578669354,dominant,dominant,0.01,9.641647338867188,243.21751500247046,0.07144737243652344,1015.78125,3.0076400112879202,0.002960913101406351,1020.0,1021.74,1023.0,0.0,0.0,0.0,0.0,0.0,1.0
uniform,0.01,top4,256,5055,0.009641647338867188,4361,17.03515625,1.159137812428342,1.0,2.0,1.159137812428342,4361,160481,160062,36.703049759229536,0.19592299553228246,160062.0,854.4201835162838,0.002610900978932129,0.00016939645643808483,0.0022788839243134827,0.0029429180335507755,120795,1.3285400885798253,0.225488386402092,0.011578871180870297,top4,topk,0.01,9.641647338867188,64.05075802467763,0.24167728424072266,1015.78125,2.9340072320122186,0.002888424286244916,1020.0,1020.37,1021.0,-0.00039375246095296745,-0.015131475938794431,0.014343971016888496,-0.0019227811105982928,-0.0003925698369277031,0.9755180876037851
uniform,0.01,sketch128,256,5055,0.009641647338867188,4323,16.88671875,1.1693268563497572,1.0,2.0,1.1693268563497572,4323,160481,159986,37.008096229470276,0.1988715864745391,159986.0,859.7218683294325,0.0030844772901464923,0.0001785309319482658,0.0027345566635278915,0.003434397916765093,120600,1.3306882255389718,0.22598061836640515,0.013649300158765467,sketch128,sketch,0.01,9.641647338867188,0.623819010797888,0.10529708862304688,1015.78125,2.752662063802965,0.002709896509512225,1020.0,1021.0,1021.0,8.125050781571108e-05,-0.014699211337562053,0.014861712353193475,-0.0014305491462851538,8.100647428666008e-05,0.9152232492824933
uniform,0.01,sketch_local_union_w128,256,5055,0.009641647338867188,4360,17.03125,1.1594036697247707,1.0,2.0,1.1594036697247707,4360,160481,159937,36.68279816513761,0.19387263264569712,159937.0,845.2846783352395,0.003389809385534681,0.00019332120322719233,0.0030108998272093844,0.003768718943859978,121023,1.3260371995405833,0.27554222427318875,0.012302322790912165,sketch_local_union_w128,sketch_local_union,0.01,9.641647338867188,13.278957980219275,0.5207481384277344,1015.78125,4.2222207944990275,0.004156624070880446,1021.85,1023.37,1024.0,0.00038750242189011797,-0.014265220003233813,0.015040224847014049,0.04813105676049845,0.0003863385696748489,1.4038318344790888
uniform,0.01,union_w64_first,256,5055,0.009641647338867188,4368,17.0625,1.1572802197802199,1.0,2.0,1.1572802197802199,4368,160481,159981,36.62568681318681,0.1929541213558617,159981.0,842.8236020824039,0.003115633626410652,0.00018822063966251047,0.0027467211726721315,0.0034845460801491727,120975,1.3265633395329615,0.24862328872481154,0.012531543776090857,union_w64_first,union,0.01,9.641647338867188,7.399182009976357,0.5126991271972656,1015.78125,3.0693482105326533,0.0030216625976632796,1021.0,1021.0,1021.0,0.00011250070312940341,-0.014520953029548193,0.014745954435807,0.021212121212121238,0.00011216281055081989,1.02051714933075
uniform,0.01,union_w64,256,5055,0.009641647338867188,4361,17.03515625,1.159137812428342,1.0,2.0,1.159137812428342,4361,160481,159979,36.6840174271956,0.19344361163963494,159979.0,843.607590360448,0.0031280961609162494,0.0001856884632513819,0.002764146772943541,0.0034920455488889578,120931,1.327046001438837,0.24811567451161365,0.012607410503482042,union_w64,union,0.01,9.641647338867188,6.290817982517183,0.5125465393066406,1015.78125,3.4299633288856017,0.003376675173799085,1021.0,1021.37,1022.0,0.00012500078125488034,-0.014515138760891125,0.014765140323400885,0.020704506998923344,0.0001246253450564172,1.1404168437754079
uniform,0.01,union_w64_contention_seed,256,5055,0.009641647338867188,4337,16.94140625,1.1655522250403505,1.0,2.0,1.1655522250403505,4337,160481,159943,36.878718007839524,0.2000527610246334,159943.00000000003,867.6288245638351,0.003352421782017778,0.0001957855564901416,0.002968682091297101,0.0037361614727384556,120613,1.3305448003117408,0.24920781418243343,0.013452314057710992,union_w64_contention_seed,union,0.01,9.641647338867188,7.499093015212566,0.5125465393066406,1015.78125,2.7865118764326127,0.0027432204290368744,1019.0,1020.37,1021.0,0.0003500021875134651,-0.014497685887781444,0.015197690262808374,0.021796646669743125,0.00034895096615794596,0.9264778583788633
uniform,0.01,normalized_union_a0.5_w64,256,5055,0.009641647338867188,4344,16.96875,1.1636740331491713,1.0,2.0,1.1636740331491713,4344,160481,159965,36.82435543278085,0.19946755446513767,159965.0,866.4870565965581,0.0032153339024557637,0.00019644610351396148,0.002830299539568399,0.003600368265343128,120646,1.3301808597052533,0.24953084140901405,0.012885517013848425,normalized_union_a0.5_w64,normalized_union,0.01,9.641647338867188,7.400955015327781,0.5125465393066406,1015.78125,2.8856798917239592,0.002840847762964673,1020.0,1021.0,1021.0,0.0002125013281333299,-0.014626174216095186,0.015051176872361845,0.022119673896323744,0.00021186308659593145,0.9594498945664259
uniform,0.01,weighted_union_log_w64,256,5055,0.009641647338867188,4343,16.96484375,1.1639419755929081,1.0,2.0,1.1639419755929081,4343,160481,159968,36.833525212986416,0.19947489837249105,159968.0,866.3194836317286,0.003196640100697312,0.00019164162484508961,0.0028210225160009367,0.0035722576853936877,120626,1.3304014059987068,0.24948469466235967,0.012812970771708012,weighted_union_log_w64,weighted_union,0.01,9.641647338867188,15.76249796198681,0.5125465393066406,1015.78125,2.6661579918489453,0.002624736370994193,1019.0,1021.0,1021.0,0.0001937512109451145,-0.0146435918911412,0.015031094313031429,0.02207352714966937,0.00019316928483747997,0.8864618045519528
uniform,0.01,weighted_union_sqrt_w64,256,5055,0.009641647338867188,4336,16.9375,1.165821033210332,1.0,2.0,1.165821033210332,4336,160481,159954,36.88976014760148,0.1995727241797963,159954.0,865.3473320435968,0.0032838778422368264,0.00019784693806854987,0.0028960978436224686,0.0036716578408511843,120612,1.330555831923855,0.2490078449469313,0.013187848932778357,weighted_union_sqrt_w64,weighted_union,0.01,9.641647338867188,7.040903030429035,0.5126991271972656,1015.78125,2.752662063802965,0.002709896509512225,1019.0,1021.0,1021.0,0.000281251757823453,-0.014546941195655288,0.015109444711302194,0.021596677434240985,0.0002804070263769942,0.9152232492824933
flybrain,0.0005,identity,256,17661,0.0004976109265791011,17524,68.453125,1.0078178498059804,1.0,1.0,1.0078178498059804,10000,1102125,1102112,110.75389408099689,1.50891072485442,1940851.2398753895,26442.151542348856,1.1795395259195374e-05,6.05844299635375e-06,0.0,2.3669943532048722e-05,1062083,1.037701384920011,0.039534897435280714,0.0002983540118829101,identity,identity,0.0005,0.4976109265791011,0.06737001240253448,0.529815673828125,3483.0332333256406,951.9526796395306,0.27331139724170683,5063.199999999997,7117.68,13096.0,-0.02623109097165588,-0.06369011247708757,0.011227930533775812,-0.18566095654891734,-0.00017333965564358955,0.2600499504148363
flybrain,0.0005,dominant,256,17661,0.0004976109265791011,17510,68.3984375,1.0086236436322102,1.0,1.0,1.0086236436322102,10000,1074891,1074692,108.00924623115579,1.3713843935347998,1891241.9015075378,24012.940730794344,0.00018513505090278493,8.051153013210239e-05,2.7332451843864247e-05,0.00034293764996170563,1038846,1.0346971543424146,0.22519585398419806,0.0008221068355715634,dominant,dominant,0.0005,0.4976109265791011,14887.968119001016,4.372771263122559,3483.0332333256406,3660.653186516509,1.050995767565868,12776.599999999995,18498.440000000024,39930.0,0.0,0.0,0.0,0.0,0.0,1.0
flybrain,0.0005,top4,256,17661,0.0004976109265791011,17503,68.37109375,1.0090270239387533,1.0,1.0,1.0090270239387533,10000,1083871,1083541,108.9533433886375,1.5195203604068692,1907010.3693313224,26596.16486820143,0.00030446427665287157,0.00011615497930289252,7.680051721920222e-05,0.0005321280360865409,1043665,1.038523855834966,0.24998451164436108,0.0012179325617021257,top4,topk,0.0005,0.4976109265791011,4441.119848983362,14.32326889038086,3483.0332333256406,1969.7866468044224,0.5655377123472484,6817.4,9702.120000000068,43464.0,-0.008337626091731165,-0.04561235402805349,0.02893710184459116,0.024788657660163027,0.00011932922575008664,0.5380970407302853
flybrain,0.0005,sketch128,256,17661,0.0004976109265791011,17541,68.51953125,1.0068411151017616,1.0,1.0,1.0068411151017616,10000,1102801,1102763,110.80817926045016,1.636753071471995,1943686.2724075562,28710.285626690264,3.445771267884812e-05,2.0705425050537508e-05,0.0,7.504034577790163e-05,1058719,1.0416371105080762,0.11247448396940285,0.0003063602646820933,sketch128,sketch,0.0005,0.4976109265791011,46.33272800128907,6.367819786071777,3483.0332333256406,4149.044627872109,1.1912159172568542,8404.199999999993,17682.680000000008,58571.0,-0.0277301231842495,-0.06696581322737252,0.01150556685887353,-0.11272137001479521,-0.0001506773382239368,1.1334164741840391
flybrain,0.0005,sketch_local_union_w128,256,17661,0.0004976109265791011,17531,68.48046875,1.007415435514232,1.0,1.0,1.007415435514232,10000,1080713,1080591,108.59119686463671,1.4397825329119496,1903712.2722339462,25240.82758447939,0.0001128884356901283,4.566661578465147e-05,2.3381868752211417e-05,0.00020239500262804518,1043097,1.036061842762466,0.22167352030544962,0.0005092553929516544,sketch_local_union_w128,sketch_local_union,0.0005,0.4976109265791011,2065.357335959561,116.74079895019531,3483.0332333256406,4441.691553585451,1.27523662739918,8578.999999999998,17513.84000000002,103440.0,-0.006593747059256749,-0.0428121295849107,0.029624635466397202,-0.003522333678748435,-7.224661521265663e-05,1.2133603833178692
flybrain,0.0005,union_w64_first,256,17661,0.0004976109265791011,17517,68.42578125,1.0082205857167323,1.0,1.0,1.0082205857167323,10000,1104968,1104480,111.01417227862096,1.5170987957515507,1944635.2558046035,26575.019605179914,0.000441641748901378,0.00011688224962909655,0.00021255253962834873,0.0006707309581744072,1063779,1.0387195084693344,0.2616917206970085,0.0016876412739580664,union_w64_first,union,0.0005,0.4976109265791011,1280.9519380098209,116.21160984039307,3483.0332333256406,3705.9930110964183,1.064013106632891,12355.599999999999,18939.920000000013,39853.0,-0.02823190108811824,-0.06582564830913182,0.009361846132895348,0.036495866712810465,0.00025650669799859305,1.0123857197799868
flybrain,0.0005,union_w64,256,17661,0.0004976109265791011,17524,68.453125,1.0078178498059804,1.0,1.0,1.0078178498059804,10000,1073915,1073663,107.89498542860014,1.3903223935952649,1890751.7246507888,24364.009625363422,0.0002346554429354386,9.058456735261912e-05,5.710969092430514e-05,0.0004122011949465721,1037278,1.0353203287836048,0.2624022966365652,0.0008942583427935586,union_w64,union,0.0005,0.4976109265791011,1141.461378952954,116.21127223968506,3483.0332333256406,3721.6740893733736,1.068515239465538,12032.399999999996,18887.28000000002,39853.0,0.00025918252781853557,-0.03518854926313407,0.03570691431877114,0.037206442652367167,4.952039203265368e-05,1.0166694029037295
flybrain,0.0005,union_w64_contention_seed,256,17661,0.0004976109265791011,17513,68.41015625,1.008450865071661,1.0,1.0,1.008450865071661,10000,1076583,1076308,108.16078786051654,1.5030458717322723,1894219.877801226,26322.842351647287,0.00025543780646730685,7.928194199054822e-05,0.00010004520016583234,0.00041083041276878134,1037330,1.037840417224991,0.2624727313832781,0.0009731975017789622,union_w64_contention_seed,union,0.0005,0.4976109265791011,1251.4537870301865,116.21211624145508,3483.0332333256406,3714.5665153869404,1.0664746117969794,12183.399999999998,18887.28000000002,39853.0,-0.0015746141682426718,-0.03852664028500283,0.035377411948517484,0.03727687739908003,7.030275556452192e-05,1.0147277893106657
flybrain,0.0005,normalized_union_a0.5_w64,256,17661,0.0004976109265791011,17520,68.4375,1.0080479452054794,1.0,1.0,1.0080479452054794,10000,1090616,1090282,109.56506883730279,1.5166336739853028,1919580.0060295449,26571.421968222505,0.00030624894555009163,0.00010980505847893232,9.103103093138429e-05,0.000521466860168799,1050554,1.0381341654022544,0.26359239869273643,0.001161827681939641,normalized_union_a0.5_w64,normalized_union,0.0005,0.4976109265791011,1297.4364530527964,116.21149730682373,3483.0332333256406,3683.3335309361705,1.0575074322271916,12456.99999999999,18348.120000000003,39853.0,-0.014983860340350041,-0.05235123370741436,0.022383513026714277,0.03839654470853837,0.00012111389464730671,1.0061957096900633
flybrain,0.0005,weighted_union_log_w64,256,17661,0.0004976109265791011,17515,68.41796875,1.0083357122466456,1.0,1.0,1.0083357122466456,10000,1092868,1092554,109.73824829248694,1.5185924510887516,1922065.418842909,26598.146780819483,0.0002873174070427975,9.466464109236691e-05,0.00010177471050175837,0.0004728601035838367,1052527,1.0383277578627437,0.2621094921721022,0.0010961732238760117,weighted_union_log_w64,weighted_union,0.0005,0.4976109265791011,1134.3572190380655,116.21142482757568,3483.0332333256406,3718.1350326760116,1.067499154788682,12130.199999999995,18887.28000000002,39853.0,-0.016298030046183465,-0.05370792119915477,0.021111861106787838,0.03691363818790416,0.00010218235614001259,1.0157026200600563
flybrain,0.0005,weighted_union_sqrt_w64,256,17661,0.0004976109265791011,17515,68.41796875,1.0083357122466456,1.0,1.0,1.0083357122466456,10000,1103339,1103075,110.85066827454527,1.600389405193375,1941549.4548286605,28030.82043196196,0.00023927369557319444,8.656088633950788e-05,6.9614358347759e-05,0.0004089330327986299,1060316,1.0405756397149528,0.2608349081760827,0.000917337703171491,weighted_union_sqrt_w64,weighted_union,0.0005,0.4976109265791011,1183.8221829966642,116.2115535736084,3483.0332333256406,3717.9410886794494,1.067443472289099,12190.599999999999,18860.280000000028,39853.0,-0.0266002742859186,-0.06528611176809154,0.01208556319625434,0.03563905419188462,5.413864467040952e-05,1.01564963935233
flybrain,0.001,identity,256,35424,0.0009980957739164303,34850,136.1328125,1.016470588235294,1.0,1.0,1.016470588235294,10000,1175054,1175019,118.02119325030132,2.627254134768539,4113038.5847730013,91559.80659668359,2.9785865160225633e-05,1.471634264958026e-05,9.418335670483227e-07,5.862989675340294e-05,1100365,1.067876568229633,0.039534897435280714,0.0007534069162310486,identity,identity,0.001,0.9980957739164303,0.06737001240253448,0.529815673828125,3483.0332333256406,951.9526796395306,0.27331139724170683,5063.199999999997,7117.68,13096.0,0.040807772225636696,-0.024021119852472822,0.10563666430374621,-0.18566095654891734,-0.000366828387491247,0.2600499504148363
flybrain,0.001,dominant,256,35424,0.0009980957739164303,34871,136.21484375,1.0158584497146625,1.0,1.0,1.0158584497146625,10000,1225372,1224886,122.96817588595522,3.2383876778490523,4288023.261319145,112925.8167142743,0.00039661425265147265,0.00011373377960928242,0.00017369604461727912,0.0006195324606856662,1125768,1.0884764889391065,0.22519585398419806,0.0017611969564914948,dominant,dominant,0.001,0.9980957739164303,14887.968119001016,4.372771263122559,3483.0332333256406,3660.653186516509,1.050995767565868,12776.599999999995,18498.440000000024,39930.0,0.0,0.0,0.0,0.0,0.0,1.0
flybrain,0.001,top4,256,35424,0.0009980957739164303,34891,136.29296875,1.0152761457109283,1.0,1.0,1.0152761457109283,10000,1171282,1170402,117.6401648406875,2.6891889118042056,4104582.9914564276,93828.49032176053,0.0007513135180085007,0.0001877657953806002,0.0003832925590625243,0.001119334476954477,1095814,1.0688693519155623,0.24998451164436108,0.003005440269344975,top4,topk,0.001,0.9980957739164303,4441.119848983362,14.32326889038086,3483.0332333256406,1969.7866468044224,0.5655377123472484,6817.4,9702.120000000068,43464.0,0.04277968161168144,-0.022646533220055026,0.10820589644341791,0.024788657660163027,0.000354699265357028,0.5380970407302853
flybrain,0.001,sketch128,256,35424,0.0009980957739164303,34882,136.2578125,1.015538099879594,1.0,1.0,1.015538099879594,10000,1210753,1210514,121.5619602329785,3.42064814359615,4240324.296846757,119319.04854492091,0.0001973978177216562,9.829251150725399e-05,4.744495167438378e-06,0.000390051140275874,1107529,1.0932020741669066,0.11247448396940285,0.001755045328995291,sketch128,sketch,0.001,0.9980957739164303,46.33272800128907,6.367819786071777,3483.0332333256406,4149.044627872109,1.1912159172568542,8404.199999999993,17682.680000000008,58571.0,0.011123765326243595,-0.06357487405842194,0.08582240471090913,-0.11272137001479521,-0.00019921643492981644,1.1334164741840391
flybrain,0.001,sketch_local_union_w128,256,35424,0.0009980957739164303,34885,136.26953125,1.015450766805217,1.0,1.0,1.015450766805217,10000,1193585,1193332,119.94491908734547,2.878043792390668,4184278.502362047,100400.55769754846,0.00021196647075827357,6.579070185864448e-05,8.301669511533039e-05,0.00034091624640121673,1109649,1.0756419372251946,0.22167352030544962,0.0009562101529591786,sketch_local_union_w128,sketch_local_union,0.001,0.9980957739164303,2065.357335959561,116.74079895019531,3483.0332333256406,4441.691553585451,1.27523662739918,8578.999999999998,17513.84000000002,103440.0,0.024194075599576426,-0.04394551085047006,0.09233366204962291,-0.003522333678748435,-0.00018464778189319908,1.2133603833178692
flybrain,0.001,union_w64_first,256,35424,0.0009980957739164303,34855,136.15234375,1.0163247740639794,1.0,1.0,1.0163247740639794,10000,1223390,1222747,122.87679630187921,3.3578096104594404,4282870.735102,117036.45397256379,0.0005255887329469466,0.0001163339962719642,0.0002975741002538968,0.0007536033656399964,1120630,1.0916984196389532,0.2616917206970085,0.0020084270589342907,union_w64_first,union,0.001,0.9980957739164303,1280.9519380098209,116.21160984039307,3483.0332333256406,3705.9930110964183,1.064013106632891,12355.599999999999,18939.920000000013,39853.0,0.0012016087374394635,-0.07309317225960896,0.07549638973448788,0.036495866712810465,0.00012897448029547398,1.0123857197799868
flybrain,0.001,union_w64,256,35424,0.0009980957739164303,34860,136.171875,1.0161790017211705,1.0,1.0,1.0161790017211705,10000,1142968,1142440,114.86426704202695,2.492461500524902,4004168.3490850595,86887.20790829808,0.0004619551903465302,9.313676997260149e-05,0.0002794071212002313,0.0006445032594928292,1076188,1.062052355164711,0.2624022966365652,0.0017604845547001882,union_w64,union,0.001,0.9980957739164303,1141.461378952954,116.21127223968506,3483.0332333256406,3721.6740893733736,1.068515239465538,12032.399999999996,18887.28000000002,39853.0,0.06619714841443314,0.0037429541970324526,0.1286513426318338,0.037206442652367167,6.534093769505755e-05,1.0166694029037295
flybrain,0.001,union_w64_contention_seed,256,35424,0.0009980957739164303,34868,136.203125,1.0159458529310543,1.0,1.0,1.0159458529310543,10000,1183590,1183145,118.80158650466915,3.065912220162915,4142373.7182448036,106902.22729264051,0.0003759747885669906,8.46706629549671e-05,0.0002100202891752551,0.0005419292879587261,1095450,1.080460084896618,0.2624727313832781,0.0014324337106774348,union_w64_contention_seed,union,0.001,0.9980957739164303,1251.4537870301865,116.21211624145508,3483.0332333256406,3714.5665153869404,1.0664746117969794,12183.399999999998,18887.28000000002,39853.0,0.03396659350899467,-0.03584773531955676,0.1037809223375461,0.03727687739908003,-2.063946408448203e-05,1.0147277893106657
flybrain,0.001,normalized_union_a0.5_w64,256,35424,0.0009980957739164303,34863,136.18359375,1.016091558385681,1.0,1.0,1.016091558385681,10000,1168338,1167937,117.38060301507538,2.816647022048602,4092239.962914573,98196.76512968041,0.0003432225948313272,7.492194780391364e-05,0.0001963755771356565,0.000490069612526998,1090406,1.0714706265372715,0.26359239869273643,0.0013020959501621058,normalized_union_a0.5_w64,normalized_union,0.001,0.9980957739164303,1297.4364530527964,116.21149730682373,3483.0332333256406,3683.3335309361705,1.0575074322271916,12456.99999999999,18348.120000000003,39853.0,0.045658170787147734,-0.020984028776157654,0.11230037035045312,0.03839654470853837,-5.339165782014543e-05,1.0061957096900633
flybrain,0.001,weighted_union_log_w64,256,35424,0.0009980957739164303,34866,136.1953125,1.0160041300980898,1.0,1.0,1.0160041300980898,10000,1166633,1166243,117.25749044842148,2.8126519044612626,4088299.6619746634,98065.92130094639,0.00033429536109474967,7.490611861639742e-05,0.00018747936860661073,0.0004811113535828886,1088082,1.0721921693401784,0.2621094921721022,0.0012754034900622749,weighted_union_log_w64,weighted_union,0.001,0.9980957739164303,1134.3572190380655,116.21142482757568,3483.0332333256406,3718.1350326760116,1.067499154788682,12130.199999999995,18887.28000000002,39853.0,0.046577079267764776,-0.019989780595239065,0.11314393913076862,0.03691363818790416,-6.231889155672299e-05,1.0157026200600563
flybrain,0.001,weighted_union_sqrt_w64,256,35424,0.0009980957739164303,34877,136.23828125,1.01568368839063,1.0,1.0,1.01568368839063,10000,1176851,1176277,118.1831608560233,2.91781241718317,4121874.1011755248,101764.54367409741,0.0004877422885309901,9.221766843530952e-05,0.00030699565839778346,0.0006684889186641968,1093445,1.0762781850024463,0.2608349081760827,0.0018699271962544534,weighted_union_sqrt_w64,weighted_union,0.001,0.9980957739164303,1183.8221829966642,116.2115535736084,3483.0332333256406,3717.9410886794494,1.067443472289099,12190.599999999999,18860.280000000028,39853.0,0.038747261854290116,-0.029263822139476467,0.1067583458480567,0.03563905419188462,9.112803587951745e-05,1.01564963935233
flybrain,0.002,identity,256,70390,0.001983287080114542,68284,266.734375,1.0308417784546893,1.0,1.0,1.0308417784546893,10000,1336087,1336052,134.1148363782373,4.279542088285695,9157897.487251556,292224.2519565004,2.619589891972307e-05,8.39913226998409e-06,9.733599670554254e-06,4.2658198168891884e-05,1184126,1.1283317822596581,0.039534897435280714,0.0006626019192943701,identity,identity,0.002,1.983287080114542,0.06737001240253448,0.529815673828125,3483.0332333256406,951.9526796395306,0.27331139724170683,5063.199999999997,7117.68,13096.0,-0.07749500026216616,-0.1692821029135539,0.014292102389221559,-0.18566095654891734,-0.0028577552267139428,0.2600499504148363
flybrain,0.002,dominant,256,70390,0.001983287080114542,68304,266.8125,1.030539939095807,1.0,1.0,1.030539939095807,10000,1243433,1239847,124.43265756724207,3.6717806336036984,8499248.242472902,250797.30439766703,0.002883951125633666,0.0016105051238019048,0.0,0.0060405411682853995,1123215,1.107030265799513,0.22519585398419806,0.012806413060499915,dominant,dominant,0.002,1.983287080114542,14887.968119001016,4.372771263122559,3483.0332333256406,3660.653186516509,1.050995767565868,12776.599999999995,18498.440000000024,39930.0,0.0,0.0,0.0,0.0,0.0,1.0
flybrain,0.002,top4,256,70390,0.001983287080114542,68324,266.890625,1.0302382764475149,1.0,1.0,1.0302382764475149,10000,1324049,1322848,133.06991248365355,3.9461098181748824,9091868.700533146,269614.0072169807,0.0009070661282173376,0.00018368216618572749,0.0005470490824933116,0.0012670831739413635,1185228,1.117125987573699,0.24998451164436108,0.0036284893102008237,top4,topk,0.002,1.983287080114542,4441.119848983362,14.32326889038086,3483.0332333256406,1969.7866468044224,0.5655377123472484,6817.4,9702.120000000068,43464.0,-0.06972622062016831,-0.15743886144686053,0.017986420206523912,0.024788657660163027,-0.0019768849974163283,0.5380970407302853
flybrain,0.002,sketch128,256,70390,0.001983287080114542,68231,266.52734375,1.0316425085371752,1.0,1.0,1.0316425085371752,10000,1319811,1319583,132.50155638116277,4.438345566350789,9040713.693443118,302832.75633768074,0.0001727520076738598,4.760116593893327e-05,7.945372243355058e-05,0.000266050292914169,1160648,1.1371328774960194,0.11247448396940285,0.001535921762671564,sketch128,sketch,0.002,1.983287080114542,46.33272800128907,6.367819786071777,3483.0332333256406,4149.044627872109,1.1912159172568542,8404.199999999993,17682.680000000008,58571.0,-0.06370745217963814,-0.15677640971005485,0.029361505350778583,-0.11272137001479521,-0.002711199117959806,1.1334164741840391
flybrain,0.002,sketch_local_union_w128,256,70390,0.001983287080114542,68249,266.59765625,1.031370423009861,1.0,1.0,1.031370423009861,10000,1237294,1236610,124.30739847205469,3.392615279123918,8483855.63831926,231542.60018492828,0.0005528192975962076,0.0001211187817123194,0.0003154264854400616,0.0007902121097523537,1131568,1.0934331829814912,0.22167352030544962,0.0024938445369318976,sketch_local_union_w128,sketch_local_union,0.002,1.983287080114542,2065.357335959561,116.74079895019531,3483.0332333256406,4441.691553585451,1.27523662739918,8578.999999999998,17513.84000000002,103440.0,0.0018110547797299814,-0.07682738159949229,0.08044949115895225,-0.003522333678748435,-0.0023311318280374582,1.2133603833178692
flybrain,0.002,union_w64_first,256,70390,0.001983287080114542,68273,266.69140625,1.0310078654812298,1.0,1.0,1.0310078654812298,10000,1236194,1232685,123.68904274533413,3.3551349115737428,8444622.015352197,229065.12581787413,0.002838551230632036,0.001614841522681882,0.0,0.006003640615088525,1129488,1.0944728939129942,0.2616917206970085,0.010846927916067175,union_w64_first,union,0.002,1.983287080114542,1280.9519380098209,116.21160984039307,3483.0332333256406,3705.9930110964183,1.064013106632891,12355.599999999999,18939.920000000013,39853.0,0.00642718338872883,-0.0716276852176099,0.08448205199506756,0.036495866712810465,-4.5399895001629886e-05,1.0123857197799868
flybrain,0.002,union_w64,256,70390,0.001983287080114542,68278,266.7109375,1.0309323647441342,1.0,1.0,1.0309323647441342,10000,1302508,1301437,130.692608957622,3.976560983307825,8923429.954408515,271511.6308182917,0.0008222598248917024,0.00016489896689001317,0.0004990578497872766,0.0011454617999961281,1164657,1.1183618868044412,0.2624022966365652,0.003133584711076504,union_w64,union,0.002,1.983287080114542,1141.461378952954,116.21127223968506,3483.0332333256406,3721.6740893733736,1.068515239465538,12032.399999999996,18887.28000000002,39853.0,-0.049908144795191456,-0.13712971233294324,0.03731342274256033,0.037206442652367167,-0.0020616913007419635,1.0166694029037295
flybrain,0.002,union_w64_contention_seed,256,70390,0.001983287080114542,68309,266.83203125,1.0304645068731793,1.0,1.0,1.0304645068731793,10000,1245556,1244117,124.99919622224455,3.475315210833414,8538570.094745303,237395.30673681968,0.0011553073486860743,0.0002246801444897559,0.0007149342654861528,0.0015956804318859959,1135084,1.0973249556860991,0.2624727313832781,0.004401628095221163,union_w64_contention_seed,union,0.002,1.983287080114542,1251.4537870301865,116.21211624145508,3483.0332333256406,3714.5665153869404,1.0664746117969794,12183.399999999998,18887.28000000002,39853.0,-0.00462650944537657,-0.08445813288006296,0.07520511398930982,0.03727687739908003,-0.0017286437769475915,1.0147277893106657
flybrain,0.002,normalized_union_a0.5_w64,256,70390,0.001983287080114542,68288,266.75,1.030781396438613,1.0,1.0,1.030781396438613,10000,1281328,1279334,128.44718875502008,3.7240773064122985,8771401.625702811,254309.79110028304,0.0015561979446324647,0.00029420441884172536,0.0009795572837026831,0.0021328386055622464,1158472,1.1060500383263472,0.26359239869273643,0.005903804329526546,normalized_union_a0.5_w64,normalized_union,0.002,1.983287080114542,1297.4364530527964,116.21149730682373,3483.0332333256406,3683.3335309361705,1.0575074322271916,12456.99999999999,18348.120000000003,39853.0,-0.03202087707826795,-0.11569890578121769,0.05165715162468179,0.03839654470853837,-0.001327753181001201,1.0061957096900633
flybrain,0.002,weighted_union_log_w64,256,70390,0.001983287080114542,68262,266.6484375,1.0311740060355687,1.0,1.0,1.0311740060355687,10000,1306166,1304732,131.08931980307446,3.9657592552673426,8948419.148397468,270710.65828305937,0.001097869642909144,0.00021155458718919053,0.0006832226520183304,0.0015125166337999574,1168308,1.1179979936797488,0.2621094921721022,0.004188591698114763,weighted_union_log_w64,weighted_union,0.002,1.983287080114542,1134.3572190380655,116.21142482757568,3483.0332333256406,3718.1350326760116,1.067499154788682,12130.199999999995,18887.28000000002,39853.0,-0.05284831000463597,-0.14005602572694004,0.0343594057176681,0.03691363818790416,-0.001786081482724522,1.0157026200600563
flybrain,0.002,weighted_union_sqrt_w64,256,70390,0.001983287080114542,68276,266.703125,1.0309625637119926,1.0,1.0,1.0309625637119926,10000,1292521,1291333,129.7430925349141,3.8148920785602525,8858339.385913795,260465.5715557798,0.0009191340024649053,0.00016663596729325645,0.0005925275065701227,0.0012457404983596879,1165173,1.1092953578567304,0.2608349081760827,0.0035238151553105097,weighted_union_sqrt_w64,weighted_union,0.002,1.983287080114542,1183.8221829966642,116.2115535736084,3483.0332333256406,3717.9410886794494,1.067443472289099,12190.599999999999,18860.280000000028,39853.0,-0.04224975353072091,-0.1273467876264981,0.04284728056505627,0.03563905419188462,-0.0019648171231687606,1.01564963935233
flybrain,0.005,identity,256,168824,0.0047567333145795915,156932,613.015625,1.075778043993577,1.0,1.0,1.075778043993577,10000,1347354,1347092,135.16877383102548,3.810571208240631,21212306.01485049,598000.5608516186,0.00019445520627836554,4.443164582476081e-05,0.00010736918046183435,0.00028154123209489675,1217558,1.1066035457859091,0.039534897435280714,0.004918571158473143,identity,identity,0.005,4.756733314579591,0.06737001240253448,0.529815673828125,3483.0332333256406,951.9526796395306,0.27331139724170683,5063.199999999997,7117.68,13096.0,-0.006522079586610108,-0.08363148068588587,0.07058732151266565,-0.18566095654891734,-0.005515815540343971,0.2600499504148363
flybrain,0.005,dominant,256,168824,0.0047567333145795915,156988,613.234375,1.0753942976533237,1.0,1.0,1.0753942976533237,10000,1343544,1335872,134.24500050246206,3.6345911515323555,21074854.138880514,570587.1956967614,0.005710270746622337,0.0021445859042153385,0.001506882374360273,0.0099136591188844,1214092,1.1066245391617768,0.22519585398419806,0.025356908866639372,dominant,dominant,0.005,4.756733314579591,14887.968119001016,4.372771263122559,3483.0332333256406,3660.653186516509,1.050995767565868,12776.599999999995,18498.440000000024,39930.0,0.0,0.0,0.0,0.0,0.0,1.0
flybrain,0.005,top4,256,168824,0.0047567333145795915,156883,612.82421875,1.0761140467737103,1.0,1.0,1.0761140467737103,10000,1375267,1367368,137.3686960016074,3.903284316987476,21550813.13482017,612358.9535019462,0.0057436119677124475,0.001837952035175066,0.002141225978769318,0.009345997956655578,1229757,1.1183241892503966,0.24998451164436108,0.022975871304713315,top4,topk,0.005,4.756733314579591,4441.119848983362,14.32326889038086,3483.0332333256406,1969.7866468044224,0.5655377123472484,6817.4,9702.120000000068,43464.0,-0.022584213053298052,-0.10124775159907873,0.05607932549248262,0.024788657660163027,3.334122109011073e-05,0.5380970407302853
flybrain,0.005,sketch128,256,168824,0.0047567333145795915,156744,612.28125,1.0770683407339356,1.0,1.0,1.0770683407339356,10000,1334936,1333894,134.3567687348912,3.911374083431463,21059617.358581785,613084.4193333812,0.0007805617647587137,0.00032840298000440075,0.0001368919239500883,0.001424231605567339,1200538,1.11194814324911,0.11247448396940285,0.006939900830939175,sketch128,sketch,0.005,4.756733314579591,46.33272800128907,6.367819786071777,3483.0332333256406,4149.044627872109,1.1912159172568542,8404.199999999993,17682.680000000008,58571.0,0.0007229839029166962,-0.07714191495420253,0.07858788276003592,-0.11272137001479521,-0.004929708981863623,1.1334164741840391
flybrain,0.005,sketch_local_union_w128,256,168824,0.0047567333145795915,156638,611.8671875,1.0777972139582987,1.0,1.0,1.0777972139582987,10000,1416953,1412805,141.8763807993573,4.417505572217485,22223232.535649728,691949.2378210025,0.0029274083191185296,0.000715756598893798,0.0015245253852866857,0.004330291252950373,1251381,1.1323114223405981,0.22167352030544962,0.013205945009060074,sketch_local_union_w128,sketch_local_union,0.005,4.756733314579591,2065.357335959561,116.74079895019531,3483.0332333256406,4441.691553585451,1.27523662739918,8578.999999999998,17513.84000000002,103440.0,-0.05449045526965701,-0.1397691812890545,0.03078827074974047,-0.003522333678748435,-0.002782862427503807,1.2133603833178692
flybrain,0.005,union_w64_first,256,168824,0.0047567333145795915,156920,612.96875,1.07586031098649,1.0,1.0,1.07586031098649,10000,1386669,1380758,138.92323171345205,4.127381186451882,21799833.520474896,647668.6557780294,0.004262733211746972,0.0011889880972752148,0.001932316541087551,0.006593149882406392,1234486,1.123276408156917,0.2616917206970085,0.01628914052150103,union_w64_first,union,0.005,4.756733314579591,1280.9519380098209,116.21160984039307,3483.0332333256406,3705.9930110964183,1.064013106632891,12355.599999999999,18939.920000000013,39853.0,-0.03440020874245975,-0.11589385707957403,0.047093439594654535,0.036495866712810465,-0.001447537534875365,1.0123857197799868
flybrain,0.005,union_w64,256,168824,0.0047567333145795915,156957,613.11328125,1.0756066948272456,1.0,1.0,1.0756066948272456,10000,1367834,1362597,137.12357854483244,4.008919954285097,21522505.517661266,629228.049264726,0.0038286809656726817,0.001088927265251406,0.001694383525779926,0.005962978405565438,1221766,1.1195548083675597,0.2624022966365652,0.014590882072101357,union_w64,union,0.005,4.756733314579591,1141.461378952954,116.21127223968506,3483.0332333256406,3721.6740893733736,1.068515239465538,12032.399999999996,18887.28000000002,39853.0,-0.021241019075661782,-0.10099926278303396,0.0585172246317104,0.037206442652367167,-0.0018815897809496551,1.0166694029037295
flybrain,0.005,union_w64_contention_seed,256,168824,0.0047567333145795915,157012,613.328125,1.0752299187323262,1.0,1.0,1.0752299187323262,10000,1336658,1330110,133.58541729436578,3.5569857395115765,20974513.54022296,558489.4449321916,0.0048987848799019185,0.0017454471238733638,0.0014777085171101254,0.008319861242693712,1215029,1.1001037835310927,0.2624727313832781,0.018663976459895277,union_w64_contention_seed,union,0.005,4.756733314579591,1251.4537870301865,116.21211624145508,3483.0332333256406,3714.5665153869404,1.0664746117969794,12183.399999999998,18887.28000000002,39853.0,0.004761152698676829,-0.06931335482417077,0.07883566022152443,0.03727687739908003,-0.0008114858667204183,1.0147277893106657
flybrain,0.005,normalized_union_a0.5_w64,256,168824,0.0047567333145795915,156954,613.1015625,1.0756272538450757,1.0,1.0,1.0756272538450757,10000,1363912,1358984,136.45787729691736,3.8358428383310685,21417609.67326037,602050.8768474145,0.0036131363313761655,0.0010874321007500534,0.0014817694139060609,0.00574450324884627,1226908,1.111666074391886,0.26359239869273643,0.013707285753668167,normalized_union_a0.5_w64,normalized_union,0.005,4.756733314579591,1297.4364530527964,116.21149730682373,3483.0332333256406,3683.3335309361705,1.0575074322271916,12456.99999999999,18348.120000000003,39853.0,-0.016263720361770595,-0.09400296326549243,0.06147552254195124,0.03839654470853837,-0.0020971344152461713,1.0061957096900633
flybrain,0.005,weighted_union_log_w64,256,168824,0.0047567333145795915,156933,613.01953125,1.0757711889787362,1.0,1.0,1.0757711889787362,10000,1376914,1373598,138.11945701357467,4.035616228979154,21675500.747511316,633321.3616623855,0.0024082840322634524,0.00031097098841147033,0.0017987808949769706,0.003017787169549934,1231054,1.118483835802491,0.2621094921721022,0.009188084003772601,weighted_union_log_w64,weighted_union,0.005,4.756733314579591,1134.3572190380655,116.21142482757568,3483.0332333256406,3718.1350326760116,1.067499154788682,12130.199999999995,18887.28000000002,39853.0,-0.028500629455018744,-0.10879994305481301,0.05179868414477552,0.03691363818790416,-0.0033019867143588844,1.0157026200600563
flybrain,0.005,weighted_union_sqrt_w64,256,168824,0.0047567333145795915,156941,613.05078125,1.0757163520048936,1.0,1.0,1.0757163520048936,10000,1398964,1394203,140.24776179458806,4.509031194045668,22010623.983804446,707651.8646247211,0.0034032326778958844,0.0012650250776399927,0.000923783525721499,0.00588268183007027,1232731,1.1348493710306629,0.2608349081760827,0.013047458646135098,weighted_union_sqrt_w64,weighted_union,0.005,4.756733314579591,1183.8221829966642,116.2115535736084,3483.0332333256406,3717.9410886794494,1.067443472289099,12190.599999999999,18860.280000000028,39853.0,-0.04440219793491007,-0.13044245336663637,0.04163805749681623,0.03563905419188462,-0.0023070380687264525,1.01564963935233
flybrain,0.01,identity,256,417984,0.011776989158894684,348482,1361.2578125,1.1994421519619378,1.0,2.0,1.1994421519619378,10000,2352826,2346478,235.35386158475427,4.760312350237775,82016584.39277834,1658883.16843556,0.002698032068669809,0.00044133015468233235,0.0018330249654924377,0.00356303917184718,2084753,1.1285874153916555,0.039534897435280714,0.06824431688703714,identity,identity,0.01,11.776989158894683,0.06737001240253448,0.529815673828125,3483.0332333256406,951.9526796395306,0.27331139724170683,5063.199999999997,7117.68,13096.0,-0.10915974210707358,-0.1773636142176166,-0.04095586999653056,-0.18566095654891734,-0.1398557210419077,0.2600499504148363
flybrain,0.01,dominant,256,417984,0.011776989158894684,322550,1259.9609375,1.2958735079832584,1.0,2.0,1.2958735079832584,10000,2659474,2280356,229.2506283301498,5.498092738525143,73944790.16788982,1773409.8128112848,0.1425537531105775,0.010023497134249236,0.122907698727449,0.162199807493706,1948446,1.3649205572030223,0.22519585398419806,0.633021215037913,dominant,dominant,0.01,11.776989158894683,14887.968119001016,4.372771263122559,3483.0332333256406,3660.653186516509,1.050995767565868,12776.599999999995,18498.440000000024,39930.0,0.0,0.0,0.0,0.0,0.0,1.0
flybrain,0.01,top4,256,417984,0.011776989158894684,325406,1271.1171875,1.2844999784884115,1.0,2.0,1.2844999784884115,10000,2490416,2203368,221.33279758915117,4.965210036678209,72023020.33229533,1615709.1371953092,0.11526106481808662,0.009781959397832298,0.09608842439833531,0.13443370523783793,1931689,1.2892427300667966,0.24998451164436108,0.46107282431186003,top4,topk,0.01,11.776989158894683,4441.119848983362,14.32326889038086,3483.0332333256406,1969.7866468044224,0.5655377123472484,6817.4,9702.120000000068,43464.0,0.02598925267393637,-0.03670324733251572,0.08868175268038846,0.024788657660163027,-0.027292688292490874,0.5380970407302853
flybrain,0.01,sketch128,256,417984,0.011776989158894684,330398,1290.6171875,1.2650924037070441,1.0,2.0,1.2650924037070441,10000,2503377,2352198,236.2118899377385,6.258996461087731,78043936.01164892,2067959.9127504642,0.06039002515402192,0.004119824598002542,0.05231516894193694,0.0684648813661069,1972549,1.2691076368698573,0.11247448396940285,0.536922002420124,sketch128,sketch,0.01,11.776989158894683,46.33272800128907,6.367819786071777,3483.0332333256406,4149.044627872109,1.1912159172568542,8404.199999999993,17682.680000000008,58571.0,-0.055435221797939915,-0.1293672213687243,0.01849677777284446,-0.11272137001479521,-0.08216372795655558,1.1334164741840391
flybrain,0.01,sketch_local_union_w128,256,417984,0.011776989158894684,320652,1252.546875,1.3035440290408293,1.0,2.0,1.3035440290408293,10000,2750493,2353109,236.44584003215434,8.359505439422113,75816831.49799035,2680492.1381615796,0.14447737187478749,0.012919378523163147,0.11915538996938772,0.16979935378018726,1856373,1.4816488927602374,0.22167352030544962,0.6517574660054499,sketch_local_union_w128,sketch_local_union,0.01,11.776989158894683,2065.357335959561,116.74079895019531,3483.0332333256406,4441.691553585451,1.27523662739918,8578.999999999998,17513.84000000002,103440.0,-0.02531674409853779,-0.11117116840959458,0.060537680212519,-0.003522333678748435,0.001923618764209989,1.2133603833178692
flybrain,0.01,union_w64_first,256,417984,0.011776989158894684,320098,1250.3828125,1.305800098719767,1.0,2.0,1.305800098719767,10000,2609989,2233756,224.40787623066103,5.874114391316903,71832512.36568214,1880292.268431758,0.14415118224636192,0.010652196180770497,0.12327287773205174,0.16502948676067208,1891805,1.3796289786738063,0.2616917206970085,0.5508434957835858,union_w64_first,union,0.01,11.776989158894683,1280.9519380098209,116.21160984039307,3483.0332333256406,3705.9930110964183,1.064013106632891,12355.599999999999,18939.920000000013,39853.0,0.028565606818435785,-0.039029888645030056,0.09616110228190163,0.036495866712810465,0.0015974291357844228,1.0123857197799868
flybrain,0.01,union_w64,256,417984,0.011776989158894684,320091,1250.35546875,1.3058286549762412,1.0,2.0,1.3058286549762412,10000,2697336,2287610,229.77199678585777,5.906666351135402,73547948.223182,1890670.739001282,0.15190024527904566,0.009901740867134707,0.13249283317946164,0.17130765737862969,1934371,1.3944253713481023,0.2624022966365652,0.578883063243276,union_w64,union,0.01,11.776989158894683,1141.461378952954,116.21127223968506,3483.0332333256406,3721.6740893733736,1.068515239465538,12032.399999999996,18887.28000000002,39853.0,0.0053667329883120285,-0.0631710615157645,0.07390452749238856,0.037206442652367167,0.009346492168468168,1.0166694029037295
flybrain,0.01,union_w64_contention_seed,256,417984,0.011776989158894684,320275,1251.07421875,1.3050784482085707,1.0,2.0,1.3050784482085707,10000,2511425,2164229,217.61980894922073,5.227086789689377,69698184.31121168,1674105.221567765,0.13824661297868734,0.009605601197523728,0.11941963463154084,0.15707359132583384,1867003,1.3451638802937114,0.2624727313832781,0.5267084784392765,union_w64_contention_seed,union,0.01,11.776989158894683,1251.4537870301865,116.21211624145508,3483.0332333256406,3714.5665153869404,1.0664746117969794,12183.399999999998,18887.28000000002,39853.0,0.05742941249865374,-0.0052776720909500086,0.1201364970882575,0.03727687739908003,-0.0043071401318901525,1.0147277893106657
flybrain,0.01,normalized_union_a0.5_w64,256,417984,0.011776989158894684,320211,1250.82421875,1.3053392919044005,1.0,2.0,1.3053392919044005,10000,2587743,2210850,222.17365088935784,5.204423981430578,71142446.92493217,1666513.8075178668,0.14564545242707638,0.009896030402812873,0.12624923283756315,0.16504167201658962,1907010,1.3569635188069282,0.26359239869273643,0.5525404114435482,normalized_union_a0.5_w64,normalized_union,0.01,11.776989158894683,1297.4364530527964,116.21149730682373,3483.0332333256406,3683.3335309361705,1.0575074322271916,12456.99999999999,18348.120000000003,39853.0,0.03789777801241978,-0.025320584894196682,0.10111614091903624,0.03839654470853837,0.003091699316498886,1.0061957096900633
flybrain,0.01,weighted_union_log_w64,256,417984,0.011776989158894684,320199,1250.77734375,1.3053882117058455,1.0,2.0,1.3053882117058455,10000,2518181,2190212,220.2767776325053,5.085411987056227,70532403.92115057,1628343.8328434166,0.13024043942830166,0.008592302466169842,0.11339952659460877,0.14708135226199454,1896275,1.3279619253536539,0.2621094921721022,0.4968932576573199,weighted_union_log_w64,weighted_union,0.01,11.776989158894683,1134.3572190380655,116.21142482757568,3483.0332333256406,3718.1350326760116,1.067499154788682,12130.199999999995,18887.28000000002,39853.0,0.04614775752276146,-0.016087884158108835,0.10838339920363174,0.03691363818790416,-0.01231331368227584,1.0157026200600563
flybrain,0.01,weighted_union_sqrt_w64,256,417984,0.011776989158894684,320182,1250.7109375,1.3054575210349113,1.0,2.0,1.3054575210349113,10000,2655143,2246956,225.84742185144236,5.7777344125028876,72312279.22323851,1849926.5596639996,0.15373446929223777,0.010340224500691799,0.13346762927088185,0.1740013093135937,1909331,1.3906143041725085,0.2608349081760827,0.5893937677561768,weighted_union_sqrt_w64,weighted_union,0.01,11.776989158894683,1183.8221829966642,116.2115535736084,3483.0332333256406,3717.9410886794494,1.067443472289099,12190.599999999999,18860.280000000028,39853.0,0.022077430214417104,-0.04513503624941764,0.08928989667825185,0.03563905419188462,0.011180716181660277,1.01564963935233
flybrain,0.02,identity,256,769264,0.021674546844682955,558089,2180.03515625,1.3783894683464466,1.0,2.0,1.3783894683464466,10000,2468491,2459812,246.72136409227684,4.5055643419790785,137692479.3648947,2514505.898050762,0.0035159131631430363,0.0004640826147557577,0.0026063112382217514,0.004425515088064321,2202593,1.1207204417702226,0.039534897435280714,0.0889318903355863,identity,identity,0.02,21.674546844682954,0.06737001240253448,0.529815673828125,3483.0332333256406,951.9526796395306,0.27331139724170683,5063.199999999997,7117.68,13096.0,-0.19472170170891334,-0.26609433275525074,-0.12334907066257597,-0.18566095654891734,-0.1062460932398328,0.2600499504148363
flybrain,0.02,dominant,256,769264,0.021674546844682955,530487,2072.21484375,1.450109050740169,1.0,2.0,1.450109050740169,10000,2429183,2162551,217.25447056459714,5.301689318587143,115250672.32640144,2812477.2615493378,0.10976200640297584,0.009326174545053075,0.09148270429467181,0.12804130851127987,1873221,1.2967946654452411,0.22519585398419806,0.48740687033553387,dominant,dominant,0.02,21.674546844682954,14887.968119001016,4.372771263122559,3483.0332333256406,3660.653186516509,1.050995767565868,12776.599999999995,18498.440000000024,39930.0,0.0,0.0,0.0,0.0,0.0,1.0
flybrain,0.02,top4,256,769264,0.021674546844682955,533835,2085.29296875,1.4410145456929575,1.0,2.0,1.4410145456929575,10000,2530936,2262428,227.3568485579339,5.083175507086916,121371043.24992463,2713576.996825744,0.1060903950159151,0.008899438789339695,0.0886474949888093,0.12353329504302091,1983852,1.2757685553156184,0.24998451164436108,0.4243878723448433,top4,topk,0.02,21.674546844682954,4441.119848983362,14.32326889038086,3483.0332333256406,1969.7866468044224,0.5655377123472484,6817.4,9702.120000000068,43464.0,-0.053104860908660845,-0.12141890198341589,0.015209180166094197,0.024788657660163027,-0.003671611387060736,0.5380970407302853
flybrain,0.02,sketch128,256,769264,0.021674546844682955,538048,2101.75,1.4297311764006186,1.0,2.0,1.4297311764006186,10000,2569686,2425000,243.4983432071493,7.1292851186962976,131013796.56592026,3835897.5995443054,0.056304933754552144,0.004737456157621718,0.047019519685613576,0.06559034782349071,1988722,1.2921293172198025,0.11247448396940285,0.5006018411239755,sketch128,sketch,0.02,21.674546844682954,46.33272800128907,6.367819786071777,3483.0332333256406,4149.044627872109,1.1912159172568542,8404.199999999993,17682.680000000008,58571.0,-0.13677251439259352,-0.22169540436470536,-0.05184962442048169,-0.11272137001479521,-0.0534570726484237,1.1334164741840391
flybrain,0.02,sketch_local_union_w128,256,769264,0.021674546844682955,527530,2060.6640625,1.45823744621159,1.0,2.0,1.45823744621159,10000,2655485,2326825,233.73430436966348,7.939938768755566,123301857.58412857,4188555.8986816234,0.12376646827227422,0.011564963855556068,0.10109913911538433,0.14643379742916413,1884267,1.4092933750896237,0.22167352030544962,0.5583277068985653,sketch_local_union_w128,sketch_local_union,0.02,21.674546844682954,2065.357335959561,116.74079895019531,3483.0332333256406,4441.691553585451,1.27523662739918,8578.999999999998,17513.84000000002,103440.0,-0.06985803288787218,-0.157565258185886,0.01784919241014163,-0.003522333678748435,0.014004461869298379,1.2133603833178692
flybrain,0.02,union_w64_first,256,769264,0.021674546844682955,527597,2060.92578125,1.4580522633752655,1.0,2.0,1.4580522633752655,10000,2547472,2235511,224.6518942819817,5.563230999657353,118525665.4674907,2935143.9857262205,0.12245904959897502,0.009287391065096602,0.10425576311138568,0.14066233608656437,1919929,1.3268573994142492,0.2616917206970085,0.46795156252100295,union_w64_first,union,0.02,21.674546844682954,1280.9519380098209,116.21160984039307,3483.0332333256406,3705.9930110964183,1.064013106632891,12355.599999999999,18939.920000000013,39853.0,-0.02841626061680702,-0.09849635081657894,0.0416638295829649,0.036495866712810465,0.01269704319599918,1.0123857197799868
flybrain,0.02,union_w64,256,769264,0.021674546844682955,527733,2061.45703125,1.4576765144495418,1.0,2.0,1.4576765144495418,10000,2646562,2322750,233.46567494220525,6.056233097971798,123207541.0342748,3196074.061491951,0.12235194187780218,0.00863212862061352,0.10543296978139968,0.13927091397420469,1969631,1.3436841723145097,0.2624022966365652,0.4662761852548233,union_w64,union,0.02,21.674546844682954,1141.461378952954,116.21127223968506,3483.0332333256406,3721.6740893733736,1.068515239465538,12032.399999999996,18887.28000000002,39853.0,-0.06903967280415269,-0.14366435137581957,0.005585005767514195,0.037206442652367167,0.012589935474826341,1.0166694029037295
flybrain,0.02,union_w64_contention_seed,256,769264,0.021674546844682955,527946,2062.2890625,1.4570884143454066,1.0,2.0,1.4570884143454066,10000,2502747,2212720,222.36157170133654,5.473212444856718,117394902.33343382,2889560.617412325,0.11588346724618992,0.008123325823388393,0.09996174863234866,0.13180518586003118,1902358,1.3156025311744688,0.2624727313832781,0.44150669151596583,union_w64_contention_seed,union,0.02,21.674546844682954,1251.4537870301865,116.21211624145508,3483.0332333256406,3714.5665153869404,1.0664746117969794,12183.399999999998,18887.28000000002,39853.0,-0.01860492406464842,-0.08780378424696444,0.050593936117667604,0.03727687739908003,0.006121460843214077,1.0147277893106657
flybrain,0.02,normalized_union_a0.5_w64,256,769264,0.021674546844682955,527713,2061.37890625,1.4577317594980606,1.0,2.0,1.4577317594980606,10000,2581677,2262127,227.39515480498594,5.475558032325403,119999379.32760355,2889523.1559125353,0.12377613465975801,0.009814375804584307,0.10453995808277276,0.14301231123674324,1947685,1.3255105420024285,0.26359239869273643,0.46957399103166475,normalized_union_a0.5_w64,normalized_union,0.02,21.674546844682954,1297.4364530527964,116.21149730682373,3483.0332333256406,3683.3335309361705,1.0575074322271916,12456.99999999999,18348.120000000003,39853.0,-0.04120329109884313,-0.11116691887243833,0.02876033667475207,0.03839654470853837,0.014014128256782166,1.0061957096900633
flybrain,0.02,weighted_union_log_w64,256,769264,0.021674546844682955,527753,2061.53515625,1.4576212735882126,1.0,2.0,1.4576212735882126,10000,2625978,2318591,232.7902610441767,6.099350834912744,122855758.63684739,3218950.701177705,0.11705619772899845,0.00891775294989367,0.09957740194720685,0.13453499351079004,1960008,1.3397792253909169,0.2621094921721022,0.4465927454933179,weighted_union_log_w64,weighted_union,0.02,21.674546844682954,1134.3572190380655,116.21142482757568,3483.0332333256406,3718.1350326760116,1.067499154788682,12130.199999999995,18887.28000000002,39853.0,-0.0659873487671081,-0.14079629199291938,0.008821594458703175,0.03691363818790416,0.007294191326022603,1.0157026200600563
flybrain,0.02,weighted_union_sqrt_w64,256,769264,0.021674546844682955,527807,2061.74609375,1.457472144173912,1.0,2.0,1.457472144173912,10000,2749540,2394627,240.13507821901322,6.335134281393335,126744975.22954272,3343728.2196593722,0.1290808644355056,0.00812693616499029,0.11315206955212462,0.14500965931888657,2006003,1.3706559760877726,0.2608349081760827,0.49487572556188125,weighted_union_sqrt_w64,weighted_union,0.02,21.674546844682954,1183.8221829966642,116.2115535736084,3483.0332333256406,3717.9410886794494,1.067443472289099,12190.599999999999,18860.280000000028,39853.0,-0.09973306594332265,-0.17719535770978118,-0.022270774176864128,0.03563905419188462,0.01931885803252975,1.01564963935233
flybrain,0.05,identity,256,1774239,0.049990414629000494,893611,3490.66796875,1.9854713068661867,2.0,3.0,1.9854713068661867,10000,3009830,2999197,300.40034054487177,5.166742687259623,268441048.7146434,4617058.099504759,0.0035327576640541425,0.00030915728676416364,0.002926809381996382,0.004138705946111904,2669160,1.1276319141602602,0.039534897435280714,0.08935795697553853,identity,identity,0.05,49.99041462900049,0.06737001240253448,0.529815673828125,3483.0332333256406,951.9526796395306,0.27331139724170683,5063.199999999997,7117.68,13096.0,-0.1407486811902352,-0.20347827337266416,-0.07801908900780623,-0.18566095654891734,-0.08720240189469863,0.2600499504148363
flybrain,0.05,dominant,256,1774239,0.049990414629000494,878790,3432.7734375,2.0189567473457823,2.0,3.0,2.0189567473457823,10000,2931146,2665188,267.7773535617402,5.935470571506568,235320060.53652167,5216032.183534257,0.09073515955875278,0.008145559844256777,0.07476986226400949,0.10670045685349606,2296020,1.276620412714175,0.22519585398419806,0.40291665212060096,dominant,dominant,0.05,49.99041462900049,14887.968119001016,4.372771263122559,3483.0332333256406,3660.653186516509,1.050995767565868,12776.599999999995,18498.440000000024,39930.0,0.0,0.0,0.0,0.0,0.0,1.0
flybrain,0.05,top4,256,1774239,0.049990414629000494,880879,3440.93359375,2.014168801844521,2.0,3.0,2.014168801844521,10000,3076396,2779334,279.4142957675681,4.938021837080424,246130185.4414396,4349799.737825567,0.09656169101767131,0.007536177849154753,0.08179078243332799,0.11133259960201464,2473254,1.2438657735921987,0.24998451164436108,0.38627069486226495,top4,topk,0.05,49.99041462900049,4441.119848983362,14.32326889038086,3483.0332333256406,1969.7866468044224,0.5655377123472484,6817.4,9702.120000000068,43464.0,-0.045937965850727736,-0.10405373071390608,0.01217779901245062,0.024788657660163027,0.005826531458918538,0.5380970407302853
flybrain,0.05,sketch128,256,1774239,0.049990414629000494,881526,3443.4609375,2.012690493530537,2.0,3.0,2.012690493530537,10000,2973341,2872721,288.8317916750452,8.27082062971929,254612733.9881359,7290943.426433927,0.03384071991742621,0.0021926745159965167,0.029543077866073037,0.038138361968779386,2336342,1.2726480112928673,0.11247448396940285,0.30087464039072287,sketch128,sketch,0.05,49.99041462900049,46.33272800128907,6.367819786071777,3483.0332333256406,4149.044627872109,1.1912159172568542,8404.199999999993,17682.680000000008,58571.0,-0.08198482274578556,-0.15877915468037163,-0.005190490811199475,-0.11272137001479521,-0.056894439641326566,1.1334164741840391
flybrain,0.05,sketch_local_union_w128,256,1774239,0.049990414629000494,876630,3424.3359375,2.0239314191848328,2.0,3.0,2.0239314191848328,10000,2887890,2628647,263.8938861560084,7.612103241196385,231337297.42094165,6672998.064329986,0.08976900089684858,0.010383909219247122,0.06941653882712423,0.11012146296657294,2188096,1.3198186916844599,0.22167352030544962,0.40496041553882295,sketch_local_union_w128,sketch_local_union,0.05,49.99041462900049,2065.357335959561,116.74079895019531,3483.0332333256406,4441.691553585451,1.27523662739918,8578.999999999998,17513.84000000002,103440.0,0.01692487715029245,-0.05316954783955248,0.08701930214013738,-0.003522333678748435,-0.0009661586619041929,1.2133603833178692
flybrain,0.05,union_w64_first,256,1774239,0.049990414629000494,877360,3427.1875,2.022247424090453,2.0,3.0,2.022247424090453,10000,3072407,2815623,283.03407720144753,6.8174498744394425,248322777.97346202,5981357.821838189,0.08357746874030691,0.00640843535065558,0.07101693545302198,0.09613800202759185,2367323,1.2978402186773836,0.2616917206970085,0.31937375977237903,union_w64_first,union,0.05,49.99041462900049,1280.9519380098209,116.21160984039307,3483.0332333256406,3705.9930110964183,1.064013106632891,12355.599999999999,18939.920000000013,39853.0,-0.05525545679061361,-0.12295883655343778,0.012447922972210562,0.036495866712810465,-0.007157690818445861,1.0123857197799868
flybrain,0.05,union_w64,256,1774239,0.049990414629000494,877607,3428.15234375,2.0216782682909322,2.0,4.0,2.0216782682909322,10000,3152534,2833823,284.66328478151684,6.514538723196127,249822491.36725265,5717204.785247983,0.1010967685043207,0.0073341655752649495,0.0867218039768014,0.11547173303184,2397880,1.3147171668307005,0.2624022966365652,0.38527394691343975,union_w64,union,0.05,49.99041462900049,1141.461378952954,116.21127223968506,3483.0332333256406,3721.6740893733736,1.068515239465538,12032.399999999996,18887.28000000002,39853.0,-0.06162853603583951,-0.1279220670581549,0.004664994986475879,0.037206442652367167,0.010361608945567924,1.0166694029037295
flybrain,0.05,union_w64_contention_seed,256,1774239,0.049990414629000494,877485,3427.67578125,2.021959349732474,2.0,3.0,2.021959349732474,10000,3046168,2742010,275.2193114523738,6.371042790376023,241500817.50978622,5590494.482913105,0.09984938453821324,0.007533384529987867,0.08508395085943701,0.11461481821698946,2330434,1.3071247673180189,0.2624727313832781,0.3804181257686815,union_w64_contention_seed,union,0.05,49.99041462900049,1251.4537870301865,116.21211624145508,3483.0332333256406,3714.5665153869404,1.0664746117969794,12183.399999999998,18887.28000000002,39853.0,-0.02626532119349556,-0.09073294604151139,0.038202303654520264,0.03727687739908003,0.009114224979460461,1.0147277893106657
flybrain,0.05,normalized_union_a0.5_w64,256,1774239,0.049990414629000494,877900,3429.296875,2.02100353115389,2.0,3.0,2.02100353115389,10000,2948685,2672584,268.73645047762693,5.735083458610705,235923729.87430868,5034829.768314338,0.09363529844659568,0.006516540726893521,0.08086287862188438,0.10640771827130699,2313475,1.2745696409081577,0.26359239869273643,0.35522761244623063,normalized_union_a0.5_w64,normalized_union,0.05,49.99041462900049,1297.4364530527964,116.21149730682373,3483.0332333256406,3683.3335309361705,1.0575074322271916,12456.99999999999,18348.120000000003,39853.0,-0.002565311841288276,-0.06302794536095405,0.05789732167837749,0.03839654470853837,0.002900138887842907,1.0061957096900633
flybrain,0.05,weighted_union_log_w64,256,1774239,0.049990414629000494,877740,3428.671875,2.021371932462916,2.0,4.0,2.021371932462916,10000,2978272,2712788,272.75165895837523,6.1410153851023,239405041.13412428,5390214.844119692,0.08914028000128937,0.006485439928043311,0.07642881774232449,0.10185174226025426,2326718,1.280031357474348,0.2621094921721022,0.3400879505071853,weighted_union_log_w64,weighted_union,0.05,49.99041462900049,1134.3572190380655,116.21142482757568,3483.0332333256406,3718.1350326760116,1.067499154788682,12130.199999999995,18887.28000000002,39853.0,-0.017359253555727427,-0.08036048040129398,0.04564197328983913,0.03691363818790416,-0.0015948795574634023,1.0157026200600563
flybrain,0.05,weighted_union_sqrt_w64,256,1774239,0.049990414629000494,877625,3428.22265625,2.021636803874092,2.0,3.0,2.021636803874092,10000,3009579,2730300,274.20909912624285,6.2193474282096295,240652760.6206689,5458254.786682476,0.09279670013646424,0.006708881030652345,0.07964729331638565,0.10594610695654283,2332647,1.2901990742705605,0.2608349081760827,0.3557679483369598,weighted_union_sqrt_w64,weighted_union,0.05,49.99041462900049,1183.8221829966642,116.2115535736084,3483.0332333256406,3717.9410886794494,1.067443472289099,12190.599999999999,18860.280000000028,39853.0,-0.022661476764831878,-0.08622858392707174,0.04090563039740798,0.03563905419188462,0.0020615405777114626,1.01564963935233
