dataset,input_rate,timesteps,actual_firing_rate,active_neurons,silent_neuron_fraction,mean_spikes_per_active_neuron
uniform,0.001,2048,0.0009105205535888672,6883,0.1597900390625,2.219381083829725
uniform,0.005,2048,0.00393366813659668,8183,0.0010986328125,8.065012831479898
uniform,0.01,2048,0.00753706693649292,8192,0.0,15.4359130859375
uniform,0.02,2048,0.015293657779693604,8192,0.0,31.3214111328125
uniform,0.05,2048,0.048227548599243164,8190,0.000244140625,98.79413919413919
uniform,0.1,2048,0.11020529270172119,8142,0.006103515625,227.0864652419553
community,0.001,2048,0.0009000301361083984,6856,0.1630859375,2.2024504084014
community,0.005,2048,0.003864884376525879,8187,0.0006103515625,7.920117259069256
community,0.01,2048,0.007487297058105469,8192,0.0,15.333984375
community,0.02,2048,0.015384495258331299,8192,0.0,31.5074462890625
community,0.05,2048,0.050769925117492676,8192,0.0,103.976806640625
community,0.1,2048,0.11515051126480103,8158,0.004150390625,236.81110566315274
spatial,0.001,2048,0.0008870363235473633,6900,0.15771484375,2.1568115942028987
spatial,0.005,2048,0.0038825273513793945,8184,0.0009765625,7.959188660801564
spatial,0.01,2048,0.007420599460601807,8191,0.0001220703125,15.199243071664021
spatial,0.02,2048,0.015498340129852295,8192,0.0,31.7406005859375
spatial,0.05,2048,0.05689436197280884,8182,0.001220703125,116.66206306526522
spatial,0.1,2048,0.13243204355239868,8145,0.0057373046875,272.7858809085328
flybrain,0.001,1024,0.05135201911529223,58466,0.5782860522652357,124.69226559025759
flybrain,0.005,1024,0.054738779762548775,92786,0.330736661401193,83.752548875908
flybrain,0.01,1024,0.05743645451270927,105610,0.23823743679628387,77.20900482908816
flybrain,0.02,1024,0.06501775885798729,114947,0.1708898650451893,80.30077339991475
flybrain,0.05,1024,0.08429823109613817,126102,0.09042910003678618,94.90341945409271
flybrain,0.1,1024,0.11930410037489451,132147,0.04682665050959687,128.16912983268634
