dataset,input_rate,layout,timesteps,total_spikes,actual_firing_rate,active_block_tasks,active_blocks_per_step,mean_active_occupancy,median_active_occupancy,p90_active_occupancy,block_compression,sampled_active_tasks,sampled_raw_edges,sampled_unique_destinations,weighted_aggregation_ratio,weighted_aggregation_ratio_se,weighted_aggregation_ci95_low,weighted_aggregation_ci95_high,sampled_unique_post_blocks,post_block_reuse,static_potential_aggregation_ratio,realized_to_potential
flybrain,0.001,identity,128,229645,0.012940814363202274,174768,1365.375,1.3139991302755654,1.0,2.0,1.3139991302755654,10000,3311180,3283913,0.008234828671349836,0.0004467636989940633,0.007359171821321472,0.0091104855213782,2970413,1.1147204109327558,0.039534897435280714,0.2082926529613587
flybrain,0.001,random,128,229645,0.012940814363202274,179595,1403.0859375,1.2786825913861743,1.0,2.0,1.2786825913861743,10000,3242117,3225652,0.005078471875012536,0.00028271029108057336,0.004524359704494612,0.005632584045530459,2909110,1.114470405037967,0.03545160367593836,0.1432508363072835
flybrain,0.001,fanout,128,229645,0.012940814363202274,133002,1039.078125,1.7266281710049474,1.0,3.0,1.7266281710049474,10000,4314772,3756641,0.12935353246938652,0.005237208544930161,0.1190886037213234,0.13961846121744964,3303082,1.3062866740819634,0.20771524855282442,0.6227445186167466
flybrain,0.001,fanin,128,229645,0.012940814363202274,123367,963.8046875,1.8614783532062869,1.0,4.0,1.8614783532062869,10000,4808266,4061158,0.15537992282456914,0.0058526123656623885,0.14390880258787087,0.1668510430612674,3530025,1.3621053675257258,0.19276366796861621,0.8060643608932908
flybrain,0.001,fanin_fanout,128,229645,0.012940814363202274,123426,964.265625,1.8605885307795764,1.0,4.0,1.8605885307795764,10000,4682911,3976470,0.15085509846332756,0.005501591101413647,0.1400719799045568,0.16163821702209832,3466254,1.3510005325633956,0.19294151073454036,0.7818695825953306
flybrain,0.005,identity,128,300928,0.01695771031239406,221902,1733.609375,1.3561301835945598,1.0,2.0,1.3561301835945598,10000,3157291,3134981,0.007066184269996056,0.0004228311641295539,0.00623743518830213,0.007894933351689983,2785464,1.1334883523894044,0.039534897435280714,0.17873283424001588
flybrain,0.005,random,128,300928,0.01695771031239406,227062,1773.921875,1.3253120293135796,1.0,2.0,1.3253120293135796,10000,3088560,3074830,0.004445437355919957,0.0002591416426953305,0.003937519736237109,0.004953354975602804,2760043,1.1190260441594568,0.03545160367593836,0.12539453494277764
flybrain,0.005,fanout,128,300928,0.01695771031239406,181641,1419.0703125,1.6567184721511112,1.0,3.0,1.6567184721511112,10000,3674235,3268123,0.11052967488470389,0.0044842521862671235,0.10174054059962033,0.11931880916978745,2886616,1.2728520177259461,0.20771524855282442,0.5321211401414995
flybrain,0.005,fanin,128,300928,0.01695771031239406,171861,1342.6640625,1.750996444801322,1.0,3.0,1.750996444801322,10000,3909352,3402258,0.12971305730463767,0.0054092397310653954,0.11911094743174949,0.14031516717752585,2978668,1.3124497258506151,0.19276366796861621,0.6729123733304152
flybrain,0.005,fanin_fanout,128,300928,0.01695771031239406,171957,1343.4140625,1.7500189000738557,1.0,3.0,1.7500189000738557,10000,4070378,3520720,0.13503856398594927,0.00569129212245775,0.12388363142593208,0.14619349654596644,3048189,1.335343051234684,0.19294151073454036,0.6998937837267317
flybrain,0.01,identity,128,391657,0.022070415341282033,274377,2143.5703125,1.4274410756003602,1.0,2.0,1.4274410756003602,10000,3303144,3280019,0.007000905803682844,0.0004308106020045905,0.006156517023753847,0.007845294583611842,2857295,1.1560388409317204,0.039534897435280714,0.177081673606045
flybrain,0.01,random,128,391657,0.022070415341282033,279014,2179.796875,1.4037180929989177,1.0,2.0,1.4037180929989177,10000,3146499,3130657,0.005034802172191988,0.0003669912552100536,0.004315499311980282,0.005754105032403693,2762208,1.13912456990929,0.03545160367593836,0.14201902453313273
flybrain,0.01,fanout,128,391657,0.022070415341282033,233138,1821.390625,1.6799363467131054,1.0,3.0,1.6799363467131054,10000,3720143,3322709,0.10683299002215774,0.0050582460893994615,0.0969188276869348,0.11674715235738067,2871249,1.2956532157259786,0.20771524855282442,0.5143242528725033
flybrain,0.01,fanin,128,391657,0.022070415341282033,224115,1750.8984375,1.747571559244138,1.0,3.0,1.747571559244138,10000,3764374,3309310,0.12088703194741013,0.005700337995587889,0.10971436947605787,0.1320596944187624,2889346,1.3028463880753638,0.19276366796861621,0.6271256052623553
flybrain,0.01,fanin_fanout,128,391657,0.022070415341282033,224160,1751.25,1.7472207351891507,1.0,3.0,1.7472207351891507,10000,3919567,3432833,0.12418055361727454,0.006109272429295587,0.11220637965585518,0.13615472757869387,2965082,1.3219084666123906,0.19294151073454036,0.643617607970993
flybrain,0.02,identity,128,542246,0.030556314420906096,343375,2682.6171875,1.579165635238442,1.0,3.0,1.579165635238442,10000,3169021,3146841,0.006999006948833708,0.00046358925250374744,0.006090372013926363,0.007907641883741053,2777777,1.1408478794374062,0.039534897435280714,0.17703364376475744
flybrain,0.02,random,128,542246,0.030556314420906096,347738,2716.703125,1.5593521559334902,1.0,3.0,1.5593521559334902,10000,3118217,3105014,0.004234150477660736,0.00024405981208700428,0.003755793245970208,0.004712507709351265,2749368,1.1341577409790178,0.03545160367593836,0.1194346669438407
flybrain,0.02,fanout,128,542246,0.030556314420906096,306877,2397.4765625,1.7669815593869858,1.0,3.0,1.7669815593869858,10000,3656418,3273660,0.10468113875382956,0.005094764299739948,0.09469540072633927,0.11466687678131986,2831850,1.2911764394300547,0.20771524855282442,0.5039646317887342
flybrain,0.02,fanin,128,542246,0.030556314420906096,298245,2330.0390625,1.8181226843702325,1.0,3.0,1.8181226843702325,10000,3577443,3194604,0.1070147029596279,0.005532809819109015,0.09617039571417423,0.11785901020508156,2751079,1.300378142539709,0.19276366796861621,0.5551601299527612
flybrain,0.02,fanin_fanout,128,542246,0.030556314420906096,298293,2330.4140625,1.8178301200497498,1.0,3.0,1.8178301200497498,10000,3659231,3249656,0.11192925508119056,0.005637860759923832,0.10087904799173986,0.12297946217064126,2797650,1.307965971440316,0.19294151073454036,0.5801201341021376
flybrain,0.05,identity,128,981736,0.055322185676469106,461824,3608.0,2.1257795177383594,2.0,4.0,2.1257795177383594,10000,3418433,3397210,0.0062084001646368625,0.00032453367438436167,0.005572314162843514,0.006844486166430211,3037129,1.1255475154331607,0.039534897435280714,0.15703594968976756
flybrain,0.05,random,128,981736,0.055322185676469106,464417,3628.2578125,2.1139105588296725,2.0,4.0,2.1139105588296725,10000,3448854,3433296,0.004511063675064264,0.00028743473690314326,0.003947691590734104,0.0050744357593944245,3056656,1.1283094990080664,0.03545160367593836,0.12724568728398608
flybrain,0.05,fanout,128,981736,0.055322185676469106,441777,3451.3828125,2.2222433490199807,2.0,4.0,2.2222433490199807,10000,3763587,3419343,0.09146699677727654,0.005137051210170661,0.08139837640534205,0.10153561714921104,2990907,1.2583430377474123,0.20771524855282442,0.44034801207199487
flybrain,0.05,fanin,128,981736,0.055322185676469106,437084,3414.71875,2.246103723769344,2.0,4.0,2.246103723769344,10000,3606794,3298302,0.08553080658335355,0.0042389854609157715,0.07722239507995864,0.09383921808674846,2897142,1.2449489876574915,0.19276366796861621,0.44370812967347556
flybrain,0.05,fanin_fanout,128,981736,0.055322185676469106,437190,3415.546875,2.245559139047096,2.0,4.0,2.245559139047096,10000,3701760,3371357,0.0892556513658368,0.004841346999132828,0.07976661124753645,0.09874469148413714,2952032,1.2539701466650768,0.19294151073454036,0.46260470868106596
flybrain,0.1,identity,128,1774608,0.1000016229199576,535015,4179.8046875,3.316931300991561,3.0,6.0,3.316931300991561,10000,4683849,4648524,0.007541874214988531,0.00030397694430379344,0.0069460794041530955,0.008137669025823966,4138534,1.131765257939164,0.039534897435280714,0.190764987498316
flybrain,0.1,random,128,1774608,0.1000016229199576,535263,4181.7421875,3.3153944883169584,3.0,5.0,3.3153944883169584,10000,4674599,4645634,0.0061962534112551815,0.0002769369388805864,0.0056534570110492325,0.0067390498114611305,4144008,1.128038121548028,0.03545160367593836,0.17478062397105862
flybrain,0.1,fanout,128,1774608,0.1000016229199576,528071,4125.5546875,3.3605481081142496,3.0,6.0,3.3605481081142496,10000,4813715,4447389,0.07610047541244136,0.003251555434366624,0.06972742676108278,0.08247352406379994,3903806,1.2330825353513981,0.20771524855282442,0.36636922875254446
flybrain,0.1,fanin,128,1774608,0.1000016229199576,526841,4115.9453125,3.3683938797474,3.0,6.0,3.3683938797474,10000,4948702,4535428,0.08351159556586762,0.0036506371074085087,0.07635634683534695,0.0906668442963883,3916698,1.263488275072523,0.19276366796861621,0.4332330695194289
flybrain,0.1,fanin_fanout,128,1774608,0.1000016229199576,526786,4115.515625,3.3687455627142713,3.0,6.0,3.3687455627142713,10000,4885051,4460832,0.08684023974365873,0.0038899865866013537,0.07921586603392008,0.09446461345339738,3898565,1.2530382332986625,0.19294151073454036,0.4500858286692818
